time,r11,r12,r13,r21,r22,r23,r31,r32,r33
142,1.91548e-07,-1,3.67321e-06,7.17607e-05,-3.67319e-06,-1,1,1.91812e-07,7.17607e-05
9816,2.39367e-07,-1,3.67321e-06,7.86516e-05,-3.67319e-06,-1,1,2.39656e-07,7.86516e-05
20054,-3.05876e-10,-1,3.67321e-06,8.32722e-05,-3.67321e-06,-1,1,3.88578e-16,8.32722e-05
29738,1.9141e-07,-1,3.67321e-06,0.000109331,-3.67318e-06,-1,1,1.91812e-07,0.000109331
40026,1.19461e-07,-1,3.67321e-06,0.000114605,-3.67319e-06,-1,1,1.19882e-07,0.000114605
50126,1.19463e-07,-1,3.67321e-06,0.000113945,-3.67319e-06,-1,1,1.19882e-07,0.000113945
59829,1.16304e-08,-1,3.67321e-06,0.000112328,-3.6732e-06,-1,1,1.2043e-08,0.000112328
70031,-1.80168e-07,-1,3.67321e-06,0.000108552,-3.67322e-06,-1,1,-1.79769e-07,0.000108552
80098,-3.75625e-10,-1,3.67321e-06,0.000102261,-3.67321e-06,-1,1,-5.55112e-16,0.000102261
89883,-3.30503e-10,-1,3.67321e-06,8.99766e-05,-3.67321e-06,-1,1,-1.66533e-16,8.99766e-05
99983,-2.42683e-10,-1,3.67321e-06,6.60682e-05,-3.67321e-06,-1,1,-5.55112e-17,6.60682e-05
110189,-1.94651e-10,-1,3.67321e-06,5.29917e-05,-3.67321e-06,-1,1,-8.88178e-16,5.29917e-05
119853,-1.20068e-07,-1,3.67321e-06,5.0701e-05,-3.67321e-06,-1,1,-1.19882e-07,5.0701e-05
130007,-2.86036e-10,-1,3.67321e-06,7.7871e-05,-3.67321e-06,-1,1,-1.11022e-16,7.7871e-05
139717,1.91342e-07,-1,3.67321e-06,0.000127917,-3.67318e-06,-1,1,1.91812e-07,0.000127917
149804,7.11153e-08,-1,3.6732e-06,0.000221799,-3.67319e-06,-1,1,7.193e-08,0.000221799
159882,-1.33133e-09,-1,3.6732e-06,0.000362444,-3.67321e-06,-1,1,-2.22045e-16,0.000362444
169710,-2.06749e-09,-1,3.6732e-06,0.000562857,-3.67321e-06,-1,1,-4.44089e-16,0.000562857
179772,1.88809e-07,-1,3.6732e-06,0.00081765,-3.67305e-06,-1,1,1.91812e-07,0.00081765
189995,-4.07261e-09,-1,3.6732e-06,0.00110874,-3.67321e-06,-0.999999,0.999999,-4.44089e-16,0.00110874
200112,-1.25099e-07,-1,3.6732e-06,0.00142036,-3.67338e-06,-0.999999,0.999999,-1.19882e-07,0.00142036
209827,1.13376e-07,-1,3.6732e-06,0.00177121,-3.67299e-06,-0.999998,0.999998,1.19882e-07,0.00177121
220043,-7.83173e-09,-1,3.6732e-06,0.00213212,-3.67321e-06,-0.999998,0.999998,-1.11022e-16,0.00213212
229803,-9.21375e-09,-1,3.67319e-06,0.00250837,-3.67321e-06,-0.999997,0.999997,2.22045e-16,0.00250837
239910,6.12854e-08,-1,3.67319e-06,0.00289791,-3.673e-06,-0.999996,0.999996,7.19297e-08,0.00289791
249990,1.7967e-07,-1,3.67319e-06,0.00330553,-3.67257e-06,-0.999995,0.999995,1.91811e-07,0.00330553
260119,5.80018e-08,-1,3.67318e-06,0.00379184,-3.67293e-06,-0.999993,0.999993,7.19295e-08,0.00379184
269904,1.75878e-07,-1,3.67317e-06,0.00433783,-3.67237e-06,-0.999991,0.999991,1.9181e-07,0.00433783
280098,2.21368e-07,-1,3.67316e-06,0.00497879,-3.67201e-06,-0.999988,0.999988,2.39653e-07,0.00497879
289706,-2.00696e-07,-1,3.67315e-06,0.00569717,-3.67423e-06,-0.999984,0.999984,-1.79766e-07,0.00569717
299880,1.67943e-07,-1,3.67313e-06,0.00649824,-3.67196e-06,-0.999979,0.999979,1.91808e-07,0.00649824
309738,-2.71119e-08,-1,3.67311e-06,0.00738098,-3.67321e-06,-0.999973,0.999973,5.55112e-17,0.00738098
319818,-3.06447e-08,-1,3.67308e-06,0.00834276,-3.67321e-06,-0.999965,0.999965,1.66533e-16,0.00834276
329905,-3.42821e-08,-1,3.67305e-06,0.00933302,-3.67321e-06,-0.999956,0.999956,1.66533e-16,0.00933302
340123,-2.17962e-07,-1,3.67301e-06,0.0103978,-3.67507e-06,-0.999946,0.999946,-1.79759e-07,0.0103978
349779,-1.6205e-07,-1,3.67296e-06,0.01148,-3.67458e-06,-0.999934,0.999934,-1.19874e-07,0.01148
359950,2.5727e-08,-1,3.67291e-06,0.0125784,-3.6723e-06,-0.999921,0.999921,7.19243e-08,0.0125784
370012,-3.84196e-08,-1,3.67286e-06,0.013738,-3.67304e-06,-0.999906,0.999906,1.20419e-08,0.013738
379986,-5.50109e-08,-1,3.67279e-06,0.0149763,-3.67321e-06,-0.999888,0.999888,0,0.0149763
390197,1.20384e-08,-1,3.67272e-06,0.016305,-3.67203e-06,-0.999867,0.999867,7.19204e-08,0.016305
399729,-6.50484e-08,-1,3.67263e-06,0.0177089,-3.67321e-06,-0.999843,0.999843,-4.44089e-16,0.0177089
409899,-1.9049e-07,-1,3.67253e-06,0.0192224,-3.67551e-06,-0.999815,0.999815,-1.1986e-07,0.0192224
420109,1.15269e-07,-1,3.67241e-06,0.0208383,-3.66921e-06,-0.999783,0.999783,1.9177e-07,0.0208383
429680,-8.2716e-08,-1,3.67227e-06,0.0225188,-3.67321e-06,-0.999746,0.999746,2.22045e-16,0.0225188
439923,-8.92677e-08,-1,3.67212e-06,0.0243024,-3.67321e-06,-0.999705,0.999705,2.22045e-16,0.0243024
450121,1.43535e-07,-1,3.67195e-06,0.0261681,-3.66693e-06,-0.999658,0.999658,2.39574e-07,0.0261681
459887,-2.23014e-07,-1,3.67176e-06,0.0280767,-3.67657e-06,-0.999606,0.999606,-1.19835e-07,0.0280767
470053,-1.10312e-07,-1,3.67155e-06,0.0300315,-3.67321e-06,-0.999549,0.999549,2.22045e-16,0.0300315
479940,-1.17718e-07,-1,3.67132e-06,0.0320479,-3.67321e-06,-0.999486,0.999486,-3.33067e-16,0.0320479
490137,-1.25427e-07,-1,3.67106e-06,0.0341464,-3.67321e-06,-0.999417,0.999417,2.77556e-16,0.0341464
499770,-3.13299e-07,-1,3.67078e-06,0.0363524,-3.67974e-06,-0.999339,0.999339,-1.7965e-07,0.0363524
509940,-2.61904e-07,-1,3.67046e-06,0.0386643,-3.67784e-06,-0.999252,0.999252,-1.19792e-07,0.0386643
520170,-1.38903e-07,-1,3.6701e-06,0.0410937,-3.67271e-06,-0.999155,0.999155,1.20328e-08,0.0410937
529817,-8.83962e-08,-1,3.6697e-06,0.0436475,-3.67007e-06,-0.999047,0.999047,7.18615e-08,0.0436475
539711,-1.70083e-07,-1,3.66927e-06,0.0463036,-3.67321e-06,-0.998927,0.998927,1.11022e-16,0.0463036
550038,-1.80068e-07,-1,3.66879e-06,0.0490221,-3.67321e-06,-0.998798,0.998798,-3.88578e-16,0.0490221
559767,-1.90144e-07,-1,3.66828e-06,0.0517651,-3.67321e-06,-0.998659,0.998659,-1.11022e-16,0.0517651
570046,-2.00212e-07,-1,3.66774e-06,0.054506,-3.67321e-06,-0.998513,0.998513,-3.88578e-16,0.054506
580209,-1.98234e-07,-1,3.66718e-06,0.0572461,-3.67252e-06,-0.99836,0.99836,1.20233e-08,0.0572461
589722,-1.48731e-07,-1,3.66657e-06,0.060073,-3.66888e-06,-0.998194,0.998194,7.18001e-08,0.060073
599931,-1.59558e-07,-1,3.6659e-06,0.0630206,-3.66867e-06,-0.998012,0.998012,7.1787e-08,0.0630206
610003,-1.70931e-07,-1,3.66517e-06,0.0661168,-3.66845e-06,-0.997812,0.997812,7.17726e-08,0.0661168
620112,-6.28335e-08,-1,3.66437e-06,0.0693252,-3.65991e-06,-0.997594,0.997594,1.91351e-07,0.0693252
629952,-2.66733e-07,-1,3.66351e-06,0.0726158,-3.67321e-06,-0.99736,0.99736,-2.77556e-16,0.0726158
640081,-9.90957e-08,-1,3.6626e-06,0.0759186,-3.65956e-06,-0.997114,0.997114,1.7925e-07,0.0759186
650199,-4.10916e-07,-1,3.66166e-06,0.0792316,-3.6827e-06,-0.996856,0.996856,-1.19505e-07,0.0792316
659733,-3.03504e-07,-1,3.66064e-06,0.0826264,-3.67321e-06,-0.996581,0.996581,-3.33067e-16,0.0826264
670103,-3.16429e-07,-1,3.65955e-06,0.0861453,-3.67321e-06,-0.996283,0.996283,-3.88578e-16,0.0861453
679953,-4.49454e-07,-1,3.65839e-06,0.0897233,-3.68396e-06,-0.995967,0.995967,-1.19398e-07,0.0897233
690016,-4.62865e-07,-1,3.65716e-06,0.0933744,-3.6844e-06,-0.995631,0.995631,-1.19358e-07,0.0933744
700270,-1.16939e-07,-1,3.65585e-06,0.0970801,-3.64994e-06,-0.995277,0.995277,2.38524e-07,0.0970801
710072,-6.10223e-07,-1,3.65447e-06,0.100884,-3.69738e-06,-0.994898,0.994898,-2.38433e-07,0.100884
719838,-1.45481e-07,-1,3.65296e-06,0.10485,-3.64808e-06,-0.994488,0.994488,2.38335e-07,0.10485
730011,-5.19927e-07,-1,3.65136e-06,0.108909,-3.68626e-06,-0.994052,0.994052,-1.19169e-07,0.108909
740235,-5.34902e-07,-1,3.64968e-06,0.112986,-3.68675e-06,-0.993597,0.993597,-1.19114e-07,0.112986
749834,-4.30019e-07,-1,3.64795e-06,0.117069,-3.67321e-06,-0.993124,0.993124,2.77556e-16,0.117069
760091,-2.0568e-07,-1,3.64611e-06,0.121239,-3.64415e-06,-0.992623,0.992623,2.37888e-07,0.121239
770171,-5.81249e-07,-1,3.64412e-06,0.125604,-3.68826e-06,-0.992081,0.992081,-1.18933e-07,0.125604
780258,-4.77516e-07,-1,3.64203e-06,0.13,-3.67321e-06,-0.991514,0.991514,-1.11022e-16,0.13
789939,-4.21823e-07,-1,3.63987e-06,0.13442,-3.66354e-06,-0.990924,0.990924,7.12772e-08,0.13442
800077,-3.18348e-07,-1,3.63761e-06,0.138887,-3.64657e-06,-0.990308,0.990308,1.89953e-07,0.138887
810067,-4.07383e-07,-1,3.63517e-06,0.143544,-3.656e-06,-0.989644,0.989644,1.18641e-07,0.143544
820276,-3.53147e-07,-1,3.63256e-06,0.148361,-3.64475e-06,-0.988933,0.988933,1.89689e-07,0.148361
829927,-6.69967e-07,-1,3.62995e-06,0.153035,-3.68972e-06,-0.988221,0.988221,-1.06567e-07,0.153035
840097,1.89115e-06,-1,3.62709e-06,0.157257,-3.28456e-06,-0.987558,0.987558,2.438e-06,0.157257
849795,-4.03793e-07,-1,3.62459e-06,0.162149,-3.6421e-06,-0.986766,0.986766,1.89272e-07,0.162149
859954,-2.54674e-07,-1,3.62148e-06,0.16722,-3.61307e-06,-0.98592,0.98592,3.54496e-07,0.16722
870113,9.00816e-07,-1,3.61821e-06,0.172371,-3.40878e-06,-0.985032,0.985032,1.51101e-06,0.172371
879744,2.15474e-06,-1,-6.22613e-06,0.177674,6.50991e-06,-0.984089,0.984089,1.01424e-06,0.177674
889911,1.32728e-06,-1,-6.21962e-06,0.183273,6.35753e-06,-0.983062,0.983062,1.64909e-07,0.183273
900122,1.45906e-06,-1,-6.2128e-06,0.188957,6.37658e-06,-0.981985,0.981985,2.58823e-07,0.188957
909736,1.81746e-06,-1,-6.20601e-06,0.194436,6.44095e-06,-0.980915,0.980915,5.76102e-07,0.194436
920111,-1.58986e-07,-1,3.59911e-06,0.199893,-3.55825e-06,-0.979818,0.979818,5.63658e-07,0.199893
930190,-3.71362e-07,-1,3.59484e-06,0.205491,-3.59443e-06,-0.978659,0.978659,3.75271e-07,0.205491
939751,-8.21511e-09,-1,3.5905e-06,0.211066,-3.51135e-06,-0.977472,0.977472,7.49802e-07,0.211066
949922,2.1138e-07,-1,3.58611e-06,0.216527,-3.45527e-06,-0.976277,0.976277,9.82856e-07,0.216527
960171,2.07643e-06,-1,-6.16869e-06,0.222127,6.47581e-06,-0.975018,0.975018,6.54324e-07,0.222127
969747,2.20864e-06,-1,-6.16032e-06,0.227852,6.50152e-06,-0.973696,0.973696,7.46907e-07,0.227852
979772,-1.14576e-07,-1,3.57175e-06,0.23347,-3.49979e-06,-0.972364,0.972364,7.22488e-07,0.23347
989787,-4.95101e-07,-1,3.56662e-06,0.239178,-3.58152e-06,-0.970976,0.970976,3.72326e-07,0.239178
1000111,-1.33178e-07,-1,3.56123e-06,0.245086,-3.48526e-06,-0.969501,0.969501,7.4369e-07,0.245086
1009738,-1.78838e-07,-1,3.5557e-06,0.250965,-3.48679e-06,-0.967996,0.967996,7.19243e-07,0.250965
1019796,-5.59951e-07,-1,3.55002e-06,0.256833,-3.57475e-06,-0.966456,0.966456,3.70593e-07,0.256833
1030025,-5.82247e-07,-1,3.54402e-06,0.262903,-3.57242e-06,-0.964822,0.964822,3.69967e-07,0.262903
1039720,-3.16924e-07,-1,3.53788e-06,0.268976,-3.49274e-06,-0.963147,0.963147,6.46359e-07,0.268976
1049807,-4.34995e-07,-1,3.53158e-06,0.275034,-3.51502e-06,-0.961435,0.961435,5.53086e-07,0.275034
1059939,-7.45904e-07,-1,3.52482e-06,0.281371,-3.59229e-06,-0.959599,0.959599,2.76015e-07,0.281371
1070194,-5.06079e-07,-1,3.5178e-06,0.287835,-3.51459e-06,-0.95768,0.95768,5.27882e-07,0.287835
1079804,-5.05601e-07,-1,3.51061e-06,0.294256,-3.50396e-06,-0.955727,0.955727,5.49801e-07,0.294256
1090236,-4.3426e-07,-1,3.50298e-06,0.30092,-3.4713e-06,-0.95365,0.95365,6.39985e-07,0.30092
1099896,-3.62817e-07,-1,3.49514e-06,0.307603,-3.43728e-06,-0.951515,0.951515,7.2989e-07,0.307603
1110201,-3.87428e-07,-1,3.48709e-06,0.314303,-3.43214e-06,-0.949323,0.949323,7.28209e-07,0.314303
1119801,1.14528e-07,-1,3.47867e-06,0.321152,-3.25762e-06,-0.947028,0.947028,1.22564e-06,0.321152
1130016,-8.20993e-07,-1,3.47013e-06,0.3279,-3.54748e-06,-0.944713,0.944713,3.62252e-07,0.3279
1140144,-7.8917e-08,-1,3.46137e-06,0.334704,-3.28815e-06,-0.942323,0.942323,1.08417e-06,0.334704
1149732,-6.07951e-07,-1,3.45213e-06,0.341702,-3.45208e-06,-0.939808,0.939808,6.0824e-07,0.341702
1159930,-6.33289e-07,-1,3.44279e-06,0.3486,-3.44759e-06,-0.937272,0.937272,6.06592e-07,0.3486
1170074,-9.22745e-07,-1,3.43311e-06,0.355601,-3.53685e-06,-0.934638,0.934638,3.58385e-07,0.355601
1179796,-7.68613e-07,-1,3.42325e-06,0.36258,-3.46899e-06,-0.931953,0.931953,5.24891e-07,0.36258
1189767,-1.06953e-06,-1,3.41328e-06,0.369475,-3.56693e-06,-0.929241,0.929241,2.67274e-07,0.369475
1200015,-6.87927e-07,-1,3.40286e-06,0.376529,-3.41145e-06,-0.926405,0.926405,6.43979e-07,0.376529
1210223,-1.14497e-06,-1,3.3924e-06,0.383464,-3.57212e-06,-0.923556,0.923556,2.43414e-07,0.383464
1219840,-6.67219e-07,-1,3.38158e-06,0.390474,-3.37366e-06,-0.920614,0.920614,7.06167e-07,0.390474
1230025,-3.09859e-07,-1,3.37038e-06,0.397576,-3.21575e-06,-0.917569,0.917569,1.05567e-06,0.397576
1239960,-3.3557e-07,-1,3.35911e-06,0.404576,-3.20768e-06,-0.914504,0.914504,1.05213e-06,0.404576
1250140,-9.84991e-07,-1,3.34744e-06,0.411705,-3.45611e-06,-0.911317,0.911317,4.8052e-07,0.411705
1259751,-9.62827e-07,-1,3.33564e-06,0.418732,-3.4323e-06,-0.90811,0.90811,5.22387e-07,0.418732
1270031,-7.73028e-07,-1,3.32358e-06,0.425783,-3.3364e-06,-0.904825,0.904825,7.15668e-07,0.425783
1280110,-7.51442e-07,-1,3.31107e-06,0.432938,-3.31e-06,-0.901424,0.901424,7.56119e-07,0.432938
1289744,-2.25791e-07,-1,3.29859e-06,0.439934,-3.06156e-06,-0.89803,0.89803,1.24839e-06,0.439934
1299835,-1.82181e-06,-1,3.28575e-06,0.447033,-3.75357e-06,-0.894518,0.894518,-1.60807e-07,0.447033
1309654,-1.21235e-06,-1,3.27275e-06,0.454026,-3.46642e-06,-0.890989,0.890989,4.05721e-07,0.454026
1320132,-9.26333e-07,-1,3.25953e-06,0.461016,-3.31954e-06,-0.887392,0.887392,6.80676e-07,0.461016
1329903,-8.56309e-07,-1,3.246e-06,0.468038,-3.2693e-06,-0.883708,0.883708,7.62523e-07,0.468038
1340126,-6.0588e-07,-1,3.23254e-06,0.474887,-3.13251e-06,-0.880047,0.880047,1.00189e-06,0.474887
1350128,-1.94977e-06,-1,3.21862e-06,0.481868,-3.75983e-06,-0.876244,0.876244,-1.57521e-07,0.481868
1359858,-7.88522e-07,-1,3.20456e-06,0.488742,-3.18113e-06,-0.872428,0.872428,8.78275e-07,0.488742
1369954,-1.5569e-06,-1,3.19033e-06,0.495607,-3.54256e-06,-0.868547,0.868547,2.28911e-07,0.495607
1379702,-1.36632e-06,-1,3.17576e-06,0.502493,-3.43227e-06,-0.864581,0.864581,4.14504e-07,0.502493
1389821,-1.51095e-06,-1,3.16124e-06,0.509232,-3.49008e-06,-0.860629,0.860629,3.09435e-07,0.509232
1400142,-1.33242e-06,-1,3.14624e-06,0.516073,-3.38253e-06,-0.856545,0.856545,4.82411e-07,0.516073
1409951,-1.52482e-06,-1,3.13124e-06,0.52279,-3.46642e-06,-0.852462,0.852462,3.37126e-07,0.52279
1420142,-1.36973e-06,-1,3.11598e-06,0.529508,-3.36858e-06,-0.848305,0.848305,4.87987e-07,0.529508
1429781,-1.5862e-06,-1,3.10046e-06,0.53622,-3.46758e-06,-0.844078,0.844078,3.23655e-07,0.53622
1440064,-2.11361e-06,-1,3.08505e-06,0.542775,-3.73827e-06,-0.839878,0.839878,-1.00686e-07,0.542775
1450181,-1.53871e-06,-1,3.06911e-06,0.549425,-3.40978e-06,-0.835543,0.835543,4.0059e-07,0.549425
1459966,-1.65864e-06,-1,3.05323e-06,0.555942,-3.46002e-06,-0.831221,0.831221,3.18725e-07,0.555942
1470106,-1.40677e-06,-1,3.03712e-06,0.562448,-3.30243e-06,-0.826833,0.826833,5.45055e-07,0.562448
1479777,-1.82624e-06,-1,3.02078e-06,0.568933,-3.52325e-06,-0.822384,0.822384,2.16752e-07,0.568933
1489899,-2.233e-06,-1,3.00452e-06,0.57528,-3.74217e-06,-0.817957,0.817957,-9.80583e-08,0.57528
1499920,-1.87321e-06,-1,2.98775e-06,0.58172,-3.51988e-06,-0.813389,0.813389,2.14383e-07,0.58172
1509759,-2.08802e-06,-1,2.97103e-06,0.58803,-3.63091e-06,-0.808839,0.808839,5.81792e-08,0.58803
1519976,-1.91958e-06,-1,2.95404e-06,0.594343,-3.51656e-06,-0.804212,0.804212,2.11966e-07,0.594343
1530153,-1.24758e-06,-1,2.9368e-06,0.600643,-3.09737e-06,-0.799517,0.799517,7.66512e-07,0.600643
1540199,-2.10909e-06,-1,2.91961e-06,0.606819,-3.60046e-06,-0.79484,0.79484,9.5287e-08,0.606819
1549850,-2.25193e-06,-1,2.90194e-06,0.61307,-3.67321e-06,-0.790029,0.790029,0,0.61307
1560040,-1.71124e-06,-1,2.88432e-06,0.619204,-3.32446e-06,-0.78523,0.78523,4.42258e-07,0.619204
1570179,-1.44613e-06,-1,2.86643e-06,0.625333,-3.14116e-06,-0.780358,0.780358,6.63977e-07,0.625333
1579984,-1.50447e-06,-1,2.84833e-06,0.631433,-3.15865e-06,-0.77543,0.77543,6.3192e-07,0.631433
1590146,-2.34144e-06,-1,2.83021e-06,0.637439,-3.67321e-06,-0.770501,0.770501,1.11022e-16,0.637439
1599702,-2.65135e-06,-1,2.81162e-06,0.643504,-3.85829e-06,-0.765443,0.765443,-2.20169e-07,0.643504
1609974,-2.12209e-06,-1,2.79305e-06,0.649476,-3.50203e-06,-0.760382,0.760382,2.00416e-07,0.649476
1620211,-1.6406e-06,-1,2.77411e-06,0.655468,-3.17043e-06,-0.755223,0.755223,5.79326e-07,0.655468
1629930,-1.7825e-06,-1,2.75484e-06,0.661463,-3.24513e-06,-0.749977,0.749977,4.85393e-07,0.661463
1640070,-2.45145e-06,-1,2.73547e-06,0.667388,-3.67321e-06,-0.74471,0.74471,2.22045e-16,0.667388
1649905,-2.85681e-06,-1,2.71567e-06,0.673352,-3.93139e-06,-0.739322,0.739322,-2.835e-07,0.673352
1660289,-1.91949e-06,-1,2.69606e-06,0.679176,-3.28251e-06,-0.733975,0.733975,4.22237e-07,0.679176
1670076,-1.56931e-06,-1,2.67611e-06,0.685001,-3.02464e-06,-0.728542,0.728542,6.89832e-07,0.685001
1679794,-1.9621e-06,-1,2.656e-06,0.690776,-3.27584e-06,-0.723068,0.723068,4.15966e-07,0.690776
1689848,-3.22922e-06,-1,2.63595e-06,0.696432,-4.14055e-06,-0.717623,0.717623,-4.81596e-07,0.696432
1700077,-2.57903e-06,-1,2.61554e-06,0.702119,-3.67321e-06,-0.712059,0.712059,-3.33067e-16,0.702119
1709805,-1.54481e-06,-1,2.59539e-06,0.707648,-2.92699e-06,-0.706565,0.706565,7.45116e-07,0.707648
1719882,-1.6728e-06,-1,2.57489e-06,0.713176,-2.99796e-06,-0.700985,0.700985,6.63742e-07,0.713176
1730207,-2.25628e-06,-1,2.55428e-06,0.718644,-3.39765e-06,-0.695378,0.695378,2.66651e-07,0.718644
1739790,-3.05492e-06,-1,2.53373e-06,0.724007,-3.95953e-06,-0.689793,0.689793,-2.72821e-07,0.724007
1749887,-2.60741e-06,-1,2.51269e-06,0.729428,-3.62074e-06,-0.684058,0.684058,4.92087e-08,0.729428
1759753,-1.64421e-06,-1,2.49187e-06,0.734709,-2.89845e-06,-0.678382,0.678382,7.15396e-07,0.734709
1769836,-2.09506e-06,-1,2.47065e-06,0.739997,-3.21212e-06,-0.67261,0.67261,4.19118e-07,0.739997
1780098,-2.11431e-06,-1,2.44929e-06,0.745239,-3.20885e-06,-0.666797,0.666797,4.15494e-07,0.745239
1789800,-3.23574e-06,-1,2.428e-06,0.750379,-4.03296e-06,-0.661008,0.661008,-3.16927e-07,0.750379
1799943,-2.5956e-06,-1,2.40619e-06,0.755572,-3.53738e-06,-0.655066,0.655066,1.17761e-07,0.755572
1810159,-2.01502e-06,-1,2.38461e-06,0.760632,-3.08074e-06,-0.649183,0.649183,5.05695e-07,0.760632
1819820,-2.54892e-06,-1,2.36271e-06,0.765677,-3.47141e-06,-0.643226,0.643226,1.69544e-07,0.765677
1829856,-2.17161e-06,-1,2.34071e-06,0.770669,-3.16518e-06,-0.637236,0.637236,4.20084e-07,0.770669
1840076,-3.32827e-06,-1,2.31874e-06,0.775569,-4.04504e-06,-0.631263,0.631263,-3.02665e-07,0.775569
1849775,-3.3584e-06,-1,2.29631e-06,0.780501,-4.05679e-06,-0.625154,0.625154,-3.07245e-07,0.780501
1860048,-2.02175e-06,-1,2.27406e-06,0.785321,-2.99557e-06,-0.619089,0.619089,5.34225e-07,0.785321
1869744,-1.95555e-06,-1,2.25137e-06,0.790153,-2.92507e-06,-0.612909,0.612909,5.80349e-07,0.790153
1879838,-2.44064e-06,-1,2.22836e-06,0.794969,-3.29207e-06,-0.60665,0.60665,2.90866e-07,0.794969
1889831,-2.75771e-06,-1,2.20537e-06,0.799704,-3.52944e-06,-0.600395,0.600395,1.07932e-07,0.799704
1899970,-2.95494e-06,-1,2.18192e-06,0.804457,-3.67321e-06,-0.594011,0.594011,1.66533e-16,0.804457
1910109,-1.49808e-06,-1,2.1586e-06,0.809112,-2.48063e-06,-0.587655,0.587655,8.66199e-07,0.809112
1919708,-2.6774e-06,-1,2.13489e-06,0.813757,-3.41957e-06,-0.581205,0.581205,1.81164e-07,0.813757
1929897,-2.82621e-06,-1,2.11105e-06,0.818353,-3.52609e-06,-0.574716,0.574716,1.03316e-07,0.818353
1939881,-3.51381e-06,-1,2.08731e-06,0.82285,-4.07747e-06,-0.568259,0.568259,-2.79207e-07,0.82285
1950007,-3.03903e-06,-1,2.06318e-06,0.827352,-3.67321e-06,-0.561683,0.561683,0,0.827352
1959967,-2.02451e-06,-1,2.03927e-06,0.83174,-2.816e-06,-0.555165,0.555165,5.72202e-07,0.83174
1970047,-3.19104e-06,-1,2.01505e-06,0.836097,-3.77344e-06,-0.548582,0.548582,-6.57651e-08,0.836097
1979937,-3.37458e-06,-1,1.99076e-06,0.840397,-3.91492e-06,-0.541972,0.541972,-1.55895e-07,0.840397
1990248,-3.58188e-06,-1,1.96654e-06,0.844612,-4.07814e-06,-0.535378,0.535378,-2.56696e-07,0.844612
1999923,-2.87825e-06,-1,1.94194e-06,0.848824,-3.46978e-06,-0.528676,0.528676,1.267e-07,0.848824
2010143,-2.38995e-06,-1,1.91758e-06,0.852922,-3.03949e-06,-0.522038,0.522038,3.87906e-07,0.852922
2020217,-3.25578e-06,-1,1.89288e-06,0.856996,-3.76564e-06,-0.515323,0.515323,-5.55931e-08,0.856996
2029774,-3.34245e-06,-1,1.86812e-06,0.861014,-3.82799e-06,-0.508581,0.508581,-9.14271e-08,0.861014
2039981,-3.47681e-06,-1,1.84342e-06,0.864949,-3.9324e-06,-0.501859,0.501859,-1.50405e-07,0.864949
2049882,-3.47921e-06,-1,1.8183e-06,0.868882,-3.92312e-06,-0.49502,0.49502,-1.4239e-07,0.868882
2060062,-2.1511e-06,-1,1.79343e-06,0.872708,-2.75292e-06,-0.488243,0.488243,5.1488e-07,0.872708
2070135,-3.2196e-06,-1,1.76822e-06,0.87651,-3.67321e-06,-0.481384,0.481384,-5.55112e-17,0.87651
2079731,-3.73668e-06,-1,1.74294e-06,0.880254,-4.11626e-06,-0.474503,0.474503,-2.38835e-07,0.880254
2089895,-3.24681e-06,-1,1.71775e-06,0.883918,-3.67321e-06,-0.467643,0.467643,0,0.883918
2100117,-3.06842e-06,-1,1.69214e-06,0.88757,-3.50296e-06,-0.460673,0.460673,8.8361e-08,0.88757
2110072,-2.79379e-06,-1,1.66681e-06,0.891111,-3.24596e-06,-0.453785,0.453785,2.17536e-07,0.891111
2119748,-3.10641e-06,-1,1.64117e-06,0.894636,-3.51238e-06,-0.446796,0.446796,8.03201e-08,0.894636
2129803,-3.8742e-06,-1,1.61543e-06,0.898109,-4.18988e-06,-0.439773,0.439773,-2.52935e-07,0.898109
2139930,-3.77883e-06,-1,1.58963e-06,0.901511,-4.09458e-06,-0.432757,0.432757,-2.02242e-07,0.901511
2150083,-3.32389e-06,-1,1.56339e-06,0.904901,-3.67321e-06,-0.425621,0.425621,-1.66533e-16,0.904901
2159853,-2.74869e-06,-1,1.5373e-06,0.908197,-3.13978e-06,-0.418543,0.418543,2.45727e-07,0.908197
2170234,-3.34799e-06,-1,1.5111e-06,0.911462,-3.67321e-06,-0.411384,0.411384,5.55112e-17,0.911462
2180050,-3.8392e-06,-1,1.48481e-06,0.914666,-4.11176e-06,-0.404211,0.404211,-1.93741e-07,0.914666
2189807,-3.68296e-06,-1,1.45844e-06,0.917801,-3.95929e-06,-0.397042,0.397042,-1.23734e-07,0.917801
2199928,-3.67035e-06,-1,1.43169e-06,0.920918,-3.9381e-06,-0.389757,0.389757,-1.12077e-07,0.920918
2210109,-2.93845e-06,-1,1.40506e-06,0.923943,-3.25244e-06,-0.382531,0.382531,1.74143e-07,0.923943
2219738,-3.40482e-06,-1,1.37828e-06,0.926934,-3.67321e-06,-0.375225,0.375225,-5.55112e-17,0.926934
2230066,-3.79902e-06,-1,1.35145e-06,0.92986,-4.02977e-06,-0.367912,0.367912,-1.41049e-07,0.92986
2240241,-3.9893e-06,-1,1.32456e-06,0.932723,-4.19854e-06,-0.360594,0.360594,-2.0307e-07,0.932723
2250039,-3.91593e-06,-1,1.29733e-06,0.935555,-4.12176e-06,-0.353182,0.353182,-1.69307e-07,0.935555
2259685,-3.43455e-06,-1,1.27021e-06,0.938306,-3.6619e-06,-0.345807,0.345807,4.15758e-09,0.938306
2269803,-5.00979e-05,-1,1.13858e-05,0.941104,-5.0997e-05,-0.338116,0.338116,-6.22367e-06,0.941104
2280073,-5.71004e-05,-1,1.10955e-05,0.944066,-5.75654e-05,-0.329757,0.329757,-8.35435e-06,0.944066
2289939,-3.58846e-05,-1,7.65002e-06,0.946317,-3.6431e-05,-0.32324,0.32324,-4.36001e-06,0.946317
2300044,-2.21001e-05,-1,4.33514e-06,0.948435,-2.23346e-05,-0.316972,0.316972,-2.89351e-06,0.948435
2310203,-1.3241e-05,-1,4.23335e-06,0.950863,-1.3901e-05,-0.309611,0.309611,-7.42091e-08,0.950863
2319922,-1.45078e-05,-1,4.13263e-06,0.953232,-1.50784e-05,-0.30224,0.30224,-4.45494e-07,0.953232
2330113,-1.6266e-05,-1,4.02894e-06,0.955603,-1.6731e-05,-0.294658,0.294658,-9.4285e-07,0.955603
2339721,-1.62393e-05,-1,3.9196e-06,0.958028,-1.66813e-05,-0.286675,0.286675,-9.00316e-07,0.958028
2350018,-1.67145e-05,-1,3.81141e-06,0.960362,-1.71145e-05,-0.278756,0.278756,-9.98946e-07,0.960362
2359730,-1.58584e-05,-1,3.70363e-06,0.962615,-1.62687e-05,-0.270874,0.270874,-7.3046e-07,0.962615
2369947,-1.6464e-05,-1,3.59382e-06,0.964836,-1.68297e-05,-0.262852,0.262852,-8.60147e-07,0.964836
2380116,-1.59654e-05,-1,3.48695e-06,0.966933,-1.63268e-05,-0.255029,0.255029,-6.99993e-07,0.966933
2390018,-1.68679e-05,-1,3.38059e-06,0.96895,-1.718e-05,-0.247258,0.247258,-8.95093e-07,0.96895
2399742,-1.6739e-05,-1,3.27329e-06,0.970919,-1.70359e-05,-0.23941,0.23941,-8.2939e-07,0.970919
2409863,-1.61291e-05,-1,3.16923e-06,0.972764,-1.64244e-05,-0.231797,0.231797,-6.55751e-07,0.972764
2420114,-1.65011e-05,-1,3.06466e-06,0.974555,-1.67682e-05,-0.22415,0.22415,-7.12038e-07,0.974555
2430189,-1.68479e-05,-1,2.96165e-06,0.976258,-1.70895e-05,-0.216612,0.216612,-7.58134e-07,0.976258
2439735,-1.66783e-05,-1,2.85968e-06,0.977882,-1.69076e-05,-0.209158,0.209158,-6.91976e-07,0.977882
2449795,-1.65922e-05,-1,2.75692e-06,0.979459,-1.68073e-05,-0.201643,0.201643,-6.45404e-07,0.979459
2459842,-1.63009e-05,-1,2.656e-06,0.98095,-1.65063e-05,-0.19426,0.19426,-5.61216e-07,0.98095
2470052,-1.67881e-05,-1,2.55388e-06,0.9824,-1.69697e-05,-0.186792,0.186792,-6.26955e-07,0.9824
2480098,-1.67472e-05,-1,2.45197e-06,0.983788,-1.69154e-05,-0.179336,0.179336,-5.91164e-07,0.983788
2489866,-7.10585e-06,-1,6.31215e-07,0.985116,-7.10859e-06,-0.17189,0.17189,-5.99605e-07,0.985116
2500062,2.94513e-06,-1,-1.0397e-06,0.986409,3.07593e-06,-0.164307,0.164307,-5.41664e-07,0.986409
2510174,3.04871e-06,-1,-9.91996e-07,0.987635,3.16652e-06,-0.15677,0.15677,-5.01786e-07,0.987635
2520231,3.28392e-06,-1,-9.43674e-07,0.988817,3.38793e-06,-0.149132,0.149132,-4.43384e-07,0.988817
2529922,1.36099e-05,-1,-2.30991e-06,0.989942,1.37998e-05,-0.141472,0.141472,-3.61253e-07,0.989942
2540046,1.3124e-05,-1,-2.18437e-06,0.991011,1.32983e-05,-0.133781,0.133781,-4.08991e-07,0.991011
2550090,1.24338e-05,-1,-2.05574e-06,0.992043,1.25937e-05,-0.125902,0.125902,-4.73943e-07,0.992043
2559828,1.2881e-05,-1,-1.92764e-06,0.993007,1.30185e-05,-0.118058,0.118058,-3.93462e-07,0.993007
2570008,1.32435e-05,-1,-1.7983e-06,0.993917,1.3361e-05,-0.110134,0.110134,-3.28795e-07,0.993917
2580045,1.32332e-05,-1,-1.66895e-06,0.994762,1.33345e-05,-0.102214,0.102214,-3.07582e-07,0.994762
2590182,1.33898e-05,-1,-1.53995e-06,0.995543,1.34754e-05,-0.0943118,0.0943118,-2.7027e-07,0.995543
2599796,1.29584e-05,-1,-1.40895e-06,0.99627,1.30316e-05,-0.0862874,0.0862874,-2.85554e-07,0.99627
2609984,1.34483e-05,-1,-1.27986e-06,0.996923,1.35072e-05,-0.0783824,0.0783824,-2.21819e-07,0.996923
2620108,1.27867e-05,-1,-1.15e-06,0.997517,1.2836e-05,-0.0704272,0.0704272,-2.46606e-07,0.997517
2629714,1.26757e-05,-1,-1.01988e-06,0.998047,1.27146e-05,-0.06246,0.06246,-2.26172e-07,0.998047
2639803,1.25275e-05,-1,-8.90623e-07,0.998512,1.25575e-05,-0.0545413,0.0545413,-2.06029e-07,0.998512
2649911,1.2642e-05,-1,-7.60199e-07,0.998916,1.26637e-05,-0.0465536,0.0465536,-1.70844e-07,0.998916
2660069,1.33065e-05,-1,-6.3169e-07,0.999252,1.3321e-05,-0.0386836,0.0386836,-1.16474e-07,0.999252
2670145,1.30593e-05,-1,-5.02513e-07,0.999526,1.30686e-05,-0.030771,0.030771,-1.00427e-07,0.999526
2680265,1.24156e-05,-1,-3.73698e-07,0.999738,1.24209e-05,-0.0228833,0.0228833,-8.94895e-08,0.999738
2689999,1.255e-05,-1,-2.45874e-07,0.999887,1.25523e-05,-0.0150535,0.0150535,-5.6925e-08,0.999887
2700210,1.30666e-05,-1,-1.16936e-07,0.999974,1.30671e-05,-0.00715686,0.00715686,-2.34165e-08,0.999974
2709741,1.39539e-05,-1,9.90739e-09,1,1.39539e-05,0.000607121,-0.000607121,1.4357e-09,1
2719868,1.3414e-05,-1,1.3733e-07,0.999965,1.34147e-05,0.00840846,-0.00840846,2.45344e-08,0.999965
2729973,1.26096e-05,-1,2.64215e-07,0.999869,1.26122e-05,0.0161698,-0.0161698,6.02863e-08,0.999869
2740308,1.2643e-05,-1,3.90327e-07,0.999715,1.26487e-05,0.023883,-0.023883,8.82631e-08,0.999715
2749830,1.32027e-05,-1,5.18273e-07,0.999497,1.32125e-05,0.0317198,-0.0317198,9.92259e-08,0.999497
2760083,1.34858e-05,-1,6.44497e-07,0.999222,1.35007e-05,0.0394481,-0.0394481,1.12006e-07,0.999222
2769890,1.31207e-05,-1,7.71726e-07,0.998884,1.31426e-05,0.0472412,-0.0472412,1.51025e-07,0.998884
2780147,1.29106e-05,-1,8.99005e-07,0.998485,1.29405e-05,0.0550319,-0.0550319,1.8715e-07,0.998485
2789734,1.27712e-05,-1,1.02535e-06,0.998028,1.28103e-05,0.0627664,-0.0627664,2.21724e-07,0.998028
2799827,1.30982e-05,-1,1.15347e-06,0.997503,1.3147e-05,0.0706181,-0.0706181,2.25621e-07,0.997503
2809970,1.35921e-05,-1,1.28022e-06,0.996923,1.36506e-05,0.078383,-0.078383,2.1089e-07,0.996923
2820208,1.3174e-05,-1,1.40785e-06,0.996278,1.32463e-05,0.0862026,-0.0862026,2.66976e-07,0.996278
2829887,1.28748e-05,-1,1.5357e-06,0.995569,1.29622e-05,0.0940338,-0.0940338,3.18223e-07,0.995569
2840039,1.23831e-05,-1,1.66259e-06,0.994804,1.2488e-05,0.101808,-0.101808,3.9326e-07,0.994804
2849792,1.27769e-05,-1,1.79066e-06,0.993969,1.28963e-05,0.109657,-0.109657,3.78782e-07,0.993969
2859800,1.33016e-05,-1,1.91734e-06,0.993083,1.34347e-05,0.117415,-0.117415,3.42258e-07,0.993083
2869736,1.29626e-05,-1,2.045e-06,0.992126,1.31166e-05,0.125241,-0.125241,4.0546e-07,0.992126
2879913,1.34971e-05,-1,2.17254e-06,0.991109,1.36662e-05,0.133055,-0.133055,3.57359e-07,0.991109
2890032,1.22094e-05,-1,2.29945e-06,0.990034,1.24115e-05,0.140832,-0.140832,5.57063e-07,0.990034
2900141,1.30413e-05,-1,2.42816e-06,0.988878,1.32574e-05,0.148729,-0.148729,4.61528e-07,0.988878
2909771,1.34052e-05,-1,2.55525e-06,0.987676,1.36399e-05,0.156515,-0.156515,4.25654e-07,0.987676
2919892,1.32046e-05,-1,2.68326e-06,0.986401,1.3466e-05,0.164358,-0.164358,4.76492e-07,0.986401
2930028,1.31826e-05,-1,2.81193e-06,0.985055,1.34699e-05,0.172242,-0.172242,4.99313e-07,0.985055
2939738,1.2261e-05,-1,2.93943e-06,0.983657,1.25898e-05,0.180054,-0.180054,6.83753e-07,0.983657
2949892,1.24887e-05,-1,3.06804e-06,0.982182,1.28427e-05,0.187934,-0.187934,6.6633e-07,0.982182
2960175,1.27873e-05,-1,3.19504e-06,0.980662,1.31653e-05,0.195712,-0.195712,6.3063e-07,0.980662
2969830,1.32527e-05,-1,3.32219e-06,0.979075,1.36515e-05,0.203499,-0.203499,5.55758e-07,0.979075
2979844,1.29502e-05,-1,3.44911e-06,0.977426,1.33866e-05,0.211276,-0.211276,6.35188e-07,0.977426
2989936,1.20717e-05,-1,3.57433e-06,0.975736,1.25614e-05,0.21895,-0.21895,8.44497e-07,0.975736
2999757,1.24744e-05,-1,3.70047e-06,0.97397,1.29885e-05,0.226677,-0.226677,7.76496e-07,0.97397
3009884,1.34037e-05,-1,3.82446e-06,0.972173,1.39267e-05,0.234265,-0.234265,5.7801e-07,0.972173
3019988,1.2822e-05,-1,3.94835e-06,0.970312,1.33963e-05,0.241857,-0.241857,7.30046e-07,0.970312
3030131,1.25272e-05,-1,4.07148e-06,0.968401,1.31468e-05,0.249398,-0.249398,8.18548e-07,0.968401
3039951,1.15366e-05,-1,4.19335e-06,0.966447,1.22267e-05,0.256867,-0.256867,1.08927e-06,0.966447
3050125,1.21744e-05,-1,4.31679e-06,0.964406,1.28825e-05,0.264425,-0.264425,9.43931e-07,0.964406
3059741,1.27997e-05,-1,4.43824e-06,0.962338,1.35242e-05,0.271857,-0.271857,7.91407e-07,0.962338
3070236,1.2561e-05,-1,4.5602e-06,0.960196,1.33348e-05,0.279328,-0.279328,8.70044e-07,0.960196
3079900,1.20457e-05,-1,4.68194e-06,0.957996,1.28824e-05,0.286781,-0.286781,1.03081e-06,0.957996
3090034,1.12423e-05,-1,4.80221e-06,0.955762,1.21575e-05,0.294141,-0.294141,1.28295e-06,0.955762
3099792,1.19831e-05,-1,4.92438e-06,0.953427,1.29103e-05,0.301623,-0.301623,1.08067e-06,0.953427
3109885,1.24358e-05,-1,5.04494e-06,0.951061,1.33861e-05,0.309002,-0.309002,9.55366e-07,0.951061
3120182,1.26356e-05,-1,5.16623e-06,0.948615,1.36211e-05,0.316433,-0.316433,9.02441e-07,0.948615
3129774,1.21632e-05,-1,5.28756e-06,0.946104,1.32201e-05,0.323862,-0.323862,1.06338e-06,0.946104
3140069,1.14026e-05,-1,5.40747e-06,0.943561,1.255e-05,0.331199,-0.331199,1.32574e-06,0.943561
3149864,1.1695e-05,-1,5.5292e-06,0.940912,1.28764e-05,0.338651,-0.338651,1.24197e-06,0.940912
3160166,1.23225e-05,-1,5.64904e-06,0.938241,1.35159e-05,0.345982,-0.345982,1.03681e-06,0.938241
3169962,1.25533e-05,-1,5.76903e-06,0.935498,1.37819e-05,0.353331,-0.353331,9.61462e-07,0.935498
3180123,1.23038e-05,-1,5.88894e-06,0.932694,1.35996e-05,0.360669,-0.360669,1.05498e-06,0.932694
3189750,1.0975e-05,-1,6.00782e-06,0.92985,1.24157e-05,0.36794,-0.36794,1.54822e-06,0.92985
3199733,1.13225e-05,-1,6.12784e-06,0.926905,1.27946e-05,0.375295,-0.375295,1.43066e-06,0.926905
3209944,1.25801e-05,-1,6.24635e-06,0.923933,1.40128e-05,0.382555,-0.382555,9.58607e-07,0.923933
3220158,1.21349e-05,-1,6.36517e-06,0.920885,1.36562e-05,0.389835,-0.389835,1.13098e-06,0.920885
3229782,1.15808e-05,-1,6.48387e-06,0.917775,1.32033e-05,0.397101,-0.397101,1.35198e-06,0.917775
3240102,1.11341e-05,-1,6.60114e-06,0.914636,1.28523e-05,0.404278,-0.404278,1.53639e-06,0.914636
3249748,1.0889e-05,-1,6.72021e-06,0.911377,1.26899e-05,0.411572,-0.411572,1.64302e-06,0.911377
3259968,1.1794e-05,-1,6.83795e-06,0.908082,1.35736e-05,0.418792,-0.418792,1.27021e-06,0.908082
3270321,-3.73565e-05,-1,-1.00836e-05,0.904718,-3.80928e-05,0.426012,-0.426012,6.79145e-06,0.904718
3280121,-1.39875e-05,-1,-1.59555e-06,0.901017,-1.32951e-05,0.433783,-0.433783,4.62991e-06,0.901017
3290061,-1.49711e-06,-1,2.78474e-06,0.897992,-1.19072e-07,0.440013,-0.440013,3.15942e-06,0.897992
3299758,-3.66385e-06,-1,2.82814e-06,0.894589,-2.01377e-06,0.44689,-0.44689,4.16736e-06,0.894589
3310248,-8.82777e-07,-1,2.87293e-06,0.890925,5.18251e-07,0.45415,-0.45415,2.96048e-06,0.890925
3319880,5.68633e-07,-1,2.91714e-06,0.887334,1.84974e-06,0.461126,-0.461126,2.32627e-06,0.887334
3330105,5.56981e-07,-1,2.96183e-06,0.883617,1.87892e-06,0.468211,-0.468211,2.35634e-06,0.883617
3339973,-1.9593e-06,-1,3.00582e-06,0.879886,-2.95641e-07,0.475186,-0.475186,3.57581e-06,0.879886
3350273,-1.22824e-06,-1,3.04983e-06,0.876098,3.94368e-07,0.482134,-0.482134,3.26412e-06,0.876098
3359804,1.79261e-08,-1,3.0933e-06,0.872291,1.52822e-06,0.488987,-0.488987,2.6895e-06,0.872291
3370076,-5.45939e-07,-1,3.13688e-06,0.868386,1.08146e-06,0.495889,-0.495889,2.99475e-06,0.868386
3380159,-1.18217e-06,-1,3.18034e-06,0.864428,5.77036e-07,0.502757,-0.502757,3.34352e-06,0.864428
3389812,-1.41107e-06,-1,3.22296e-06,0.860468,4.27928e-07,0.509504,-0.509504,3.4922e-06,0.860468
3400065,-1.14941e-06,-1,3.26637e-06,0.856365,7.02348e-07,0.516371,-0.516371,3.39072e-06,0.856365
3410326,-3.9603e-07,-1,3.30883e-06,0.852297,1.39317e-06,0.523058,-0.523058,3.02725e-06,0.852297
3419977,-1.15328e-06,-1,3.35092e-06,0.84817,7.96883e-07,0.529723,-0.529723,3.45307e-06,0.84817
3430279,-1.37159e-06,-1,3.39329e-06,0.843955,6.62648e-07,0.536414,-0.536414,3.59952e-06,0.843955
3440107,-9.78492e-07,-1,3.43451e-06,0.839793,1.04289e-06,0.542907,-0.542907,3.41551e-06,0.839793
3449801,-1.42513e-06,-1,3.47621e-06,0.835492,7.19502e-07,0.549503,-0.549503,3.68746e-06,0.835492
3460120,-8.59774e-08,-1,3.51728e-06,0.831214,1.88397e-06,0.555952,-0.555952,2.97141e-06,0.831214
3470074,-9.04384e-07,-1,3.55791e-06,0.826876,1.2531e-06,0.562384,-0.562384,3.45056e-06,0.826876
3479921,-1.50764e-06,-1,3.59882e-06,0.822451,8.07176e-07,0.568837,-0.568837,3.81745e-06,0.822451
3489774,-1.05789e-05,-1,-2.11255e-06,0.818054,-9.86911e-06,0.575142,-0.575142,4.35618e-06,0.818054
3499988,-9.48362e-06,-1,-2.13611e-06,0.813512,-8.95729e-06,0.581548,-0.581548,3.77743e-06,0.813512
3509760,-8.48431e-06,-1,-2.15907e-06,0.808983,-8.13284e-06,0.587832,-0.587832,3.24069e-06,0.808983
3519814,-8.8029e-06,-1,-2.18222e-06,0.804386,-8.3774e-06,0.594108,-0.594108,3.47453e-06,0.804386
3530035,-9.16931e-06,-1,-2.20527e-06,0.7997,-8.65674e-06,0.6004,-0.6004,3.7417e-06,0.7997
3540218,-1.01947e-05,-1,-2.2278e-06,0.795036,-9.45644e-06,0.606563,-0.606563,4.41253e-06,0.795036
3549863,-9.12257e-06,-1,-2.25073e-06,0.790248,-8.58831e-06,0.612787,-0.612787,3.81156e-06,0.790248
3560088,-8.58973e-06,-1,-2.27309e-06,0.785463,-8.15375e-06,0.618908,-0.618908,3.53082e-06,0.785463
3569790,-8.78745e-06,-1,-2.29573e-06,0.780596,-8.29436e-06,0.625036,-0.625036,3.70043e-06,0.780596
3579938,-8.97303e-06,-1,-2.31812e-06,0.775669,-8.42316e-06,0.63114,-0.63114,3.86515e-06,0.775669
3590100,-9.57832e-06,-1,-2.34011e-06,0.770744,-8.87342e-06,0.637145,-0.637145,4.29916e-06,0.770744
3599790,-8.91254e-06,-1,-2.36248e-06,0.765676,-8.34373e-06,0.643226,-0.643226,3.92388e-06,0.765676
3609977,-8.92967e-06,-1,-2.38444e-06,0.760592,-8.33989e-06,0.64923,-0.64923,3.98382e-06,0.760592
3619793,-9.04259e-06,-1,-2.40664e-06,0.755421,-8.40789e-06,0.65524,-0.65524,4.10705e-06,0.755421
3630024,-8.84363e-06,-1,-2.42856e-06,0.750194,-8.24025e-06,0.661218,-0.661218,4.02567e-06,0.750194
3639877,-9.48362e-06,-1,-2.45016e-06,0.744963,-8.69947e-06,0.667105,-0.667105,4.50129e-06,0.744963
3649948,-9.37994e-06,-1,-2.47206e-06,0.739591,-8.60116e-06,0.673056,-0.673056,4.48492e-06,0.739591
3660155,-8.96486e-06,-1,-2.49331e-06,0.734259,-8.27516e-06,0.67887,-0.67887,4.25524e-06,0.734259
3669816,-8.94499e-06,-1,-2.51474e-06,0.728849,-8.24133e-06,0.684674,-0.684674,4.29154e-06,0.728849
3680166,-8.93699e-06,-1,-2.5359e-06,0.723393,-8.21583e-06,0.690437,-0.690437,4.33597e-06,0.723393
3689875,-8.91703e-06,-1,-2.5567e-06,0.71796,-8.18175e-06,0.696084,-0.696084,4.3714e-06,0.71796
3700082,-8.93253e-06,-1,-2.5775e-06,0.712424,-8.17251e-06,0.701749,-0.701749,4.43212e-06,0.712424
3710291,-8.49291e-06,-1,-2.59768e-06,0.706933,-7.84121e-06,0.70728,-0.70728,4.17048e-06,0.706933
3720049,-8.47239e-06,-1,-2.61818e-06,0.701346,-7.80837e-06,0.712821,-0.712821,4.20305e-06,0.701346
3730266,-9.12297e-06,-1,-2.63831e-06,0.695719,-8.24216e-06,0.718314,-0.718314,4.71763e-06,0.695719
3739898,-8.6708e-06,-1,-2.65812e-06,0.690118,-7.90755e-06,0.723697,-0.723697,4.44062e-06,0.690118
3749802,-8.93738e-06,-1,-2.67806e-06,0.684385,-8.06924e-06,0.729121,-0.729121,4.6836e-06,0.684385
3759865,-8.67682e-06,-1,-2.69736e-06,0.678696,-7.86992e-06,0.734419,-0.734419,4.54173e-06,0.678696
3770222,-8.51168e-06,-1,-2.71711e-06,0.672883,-7.73734e-06,0.739748,-0.739748,4.46821e-06,0.672883
3780023,-9.05323e-06,-1,-2.73664e-06,0.666986,-8.07737e-06,0.745071,-0.745071,4.92e-06,0.666986
3789822,-8.39649e-06,-1,-2.75589e-06,0.661107,-7.6187e-06,0.750292,-0.750292,4.47788e-06,0.661107
3799997,-9.02162e-06,-1,-2.77514e-06,0.655101,-8.00681e-06,0.755541,-0.755541,4.99821e-06,0.655101
3809752,-8.28074e-06,-1,-2.79377e-06,0.649171,-7.50067e-06,0.760643,-0.760643,4.48505e-06,0.649171
3820047,-8.63016e-06,-1,-2.81266e-06,0.643139,-7.70419e-06,0.765749,-0.765749,4.79961e-06,0.643139
3830204,-8.61987e-06,-1,-2.83123e-06,0.637059,-7.67372e-06,0.770815,-0.770815,4.84066e-06,0.637059
3839775,-8.54978e-06,-1,-2.8495e-06,0.631038,-7.60574e-06,0.775752,-0.775752,4.83437e-06,0.631038
3850093,-8.75491e-06,-1,-2.86772e-06,0.624881,-7.70966e-06,0.78072,-0.78072,5.04315e-06,0.624881
3859805,-7.66596e-06,-1,-2.88522e-06,0.61883,-7.01034e-06,0.785525,-0.785525,4.23634e-06,0.61883
3869797,-8.67391e-06,-1,-2.9031e-06,0.612659,-7.6086e-06,0.790347,-0.790347,5.0768e-06,0.612659
3880024,-8.45946e-06,-1,-2.92058e-06,0.60645,-7.45246e-06,0.795122,-0.795122,4.95512e-06,0.60645
3890235,-7.95744e-06,-1,-2.93776e-06,0.600302,-7.12641e-06,0.799773,-0.799773,4.6006e-06,0.600302
3899807,-8.44963e-06,-1,-2.95498e-06,0.593991,-7.3962e-06,0.804472,-0.804472,5.04226e-06,0.593991
3910010,-7.69567e-06,-1,-2.97161e-06,0.58776,-6.92735e-06,0.809035,-0.809035,4.47948e-06,0.58776
3920251,-8.39134e-06,-1,-2.98861e-06,0.5814,-7.31032e-06,0.813618,-0.813618,5.08977e-06,0.5814
3929979,-8.37984e-06,-1,-3.00525e-06,0.57499,-7.2771e-06,0.81816,-0.81816,5.12806e-06,0.57499
3939742,-7.49365e-06,-1,-3.02154e-06,0.568648,-6.74671e-06,0.822581,-0.822581,4.44594e-06,0.568648
3949942,-8.15271e-06,-1,-3.03799e-06,0.562098,-7.09525e-06,0.827071,-0.827071,5.03522e-06,0.562098
3960144,-7.15821e-06,-1,-3.0539e-06,0.555633,-6.51644e-06,0.831428,-0.831428,4.25469e-06,0.555633
3970197,-8.35654e-06,-1,-3.07005e-06,0.549071,-7.1542e-06,0.835776,-0.835776,5.29852e-06,0.549071
3979789,-7.78099e-06,-1,-3.08576e-06,0.542484,-6.81331e-06,0.840066,-0.840066,4.86257e-06,0.542484
3989983,-7.84094e-06,-1,-3.10113e-06,0.535948,-6.82047e-06,0.844251,-0.844251,4.95768e-06,0.535948
3999942,-8.65514e-06,-1,-3.11662e-06,0.529245,-7.22505e-06,0.848469,-0.848469,5.69417e-06,0.529245
4010115,-7.31274e-06,-1,-3.13154e-06,0.522628,-6.49167e-06,0.852561,-0.852561,4.59792e-06,0.522628
4019707,-8.01895e-06,-1,-3.14675e-06,0.515889,-6.83256e-06,0.856656,-0.856656,5.24611e-06,0.515889
4029955,-7.37069e-06,-1,-3.16173e-06,0.50904,-6.47341e-06,0.860743,-0.860743,4.73482e-06,0.50904
4040162,-7.69298e-06,-1,-3.17642e-06,0.502219,-6.61034e-06,0.864741,-0.864741,5.05718e-06,0.502219
4049895,-8.37459e-06,-1,-3.19113e-06,0.495256,-6.91985e-06,0.868747,-0.868747,5.69497e-06,0.495256
4060152,-7.12712e-06,-1,-3.2052e-06,0.488429,-6.27796e-06,0.872604,-0.872604,4.65364e-06,0.488429
4070208,-8.13215e-06,-1,-3.21954e-06,0.481475,-6.73723e-06,0.87646,-0.87646,5.57738e-06,0.481475
4080148,-7.62724e-06,-1,-3.23345e-06,0.474493,-6.46535e-06,0.880259,-0.880259,5.1797e-06,0.474493
4089745,-7.31426e-06,-1,-3.24705e-06,0.467591,-6.29029e-06,0.883945,-0.883945,4.94711e-06,0.467591
4099832,-8.11518e-06,-1,-3.26056e-06,0.46055,-6.63163e-06,0.887634,-0.887634,5.70166e-06,0.46055
4109858,-6.60401e-06,-1,-3.27338e-06,0.453695,-5.9133e-06,0.891157,-0.891157,4.40009e-06,0.453695
4119875,-7.80069e-06,-1,-3.28655e-06,0.446687,-6.42491e-06,0.894691,-0.894691,5.51115e-06,0.446687
4130071,-7.69104e-06,-1,-3.29919e-06,0.439689,-6.34483e-06,0.89815,-0.89815,5.45709e-06,0.439689
4139828,-7.42606e-06,-1,-3.31155e-06,0.432782,-6.19922e-06,0.901499,-0.901499,5.2614e-06,0.432782
4149941,-7.91544e-06,-1,-3.32385e-06,0.425707,-6.37728e-06,0.904861,-0.904861,5.74739e-06,0.425707
4160144,-6.71545e-06,-1,-3.33558e-06,0.41879,-5.84134e-06,0.908083,-0.908083,4.70128e-06,0.41879
4169773,-7.37281e-06,-1,-3.34756e-06,0.411736,-6.08629e-06,0.911303,-0.911303,5.34056e-06,0.411736
4180050,-7.08314e-06,-1,-3.35913e-06,0.404671,-5.93814e-06,0.914462,-0.914462,5.11792e-06,0.404671
4189757,-7.06951e-06,-1,-3.37032e-06,0.397729,-5.90403e-06,0.917503,-0.917503,5.14582e-06,0.397729
4199902,-7.59469e-06,-1,-3.3815e-06,0.390605,-6.07939e-06,0.920558,-0.920558,5.67053e-06,0.390605
4210074,-5.71135e-06,-1,-3.39218e-06,0.383619,-5.32363e-06,0.923492,-0.923492,3.97308e-06,0.383619
4219701,-5.81732e-06,-1,-3.40297e-06,0.376559,-5.34305e-06,0.926393,-0.926393,4.1077e-06,0.376559
4229830,-9.73415e-06,-1,-3.41353e-06,0.369469,-6.76846e-06,0.929243,-0.929243,7.78419e-06,0.369469
4240025,-1.19987e-05,-1,-3.42257e-06,0.362857,-7.54312e-06,0.931845,-0.931845,9.93903e-06,0.362857
4250291,-8.50278e-06,-1,-1.27756e-05,0.356288,-1.49666e-05,0.934376,-0.934376,3.39302e-06,0.356288
4259710,4.6592e-06,-1,-1.28099e-05,0.349904,-1.03698e-05,0.936786,-0.936786,-8.84689e-06,0.349904
4269752,9.63965e-06,-1,5.94084e-06,0.343556,8.89099e-06,0.939132,-0.939132,-7.01189e-06,0.343556
4279885,2.06077e-05,-1,3.42052e-05,0.336684,3.91465e-05,0.941618,-0.941618,-7.88823e-06,0.336684
4290064,3.46278e-05,-1,7.20598e-05,0.32964,7.94468e-05,0.944107,-0.944107,-8.93853e-06,0.32964
4300247,3.68725e-05,-1,8.17194e-05,0.322314,8.92428e-05,0.946633,-0.946633,-8.56538e-06,0.322314
4309933,2.82483e-05,-1,5.3465e-05,0.314703,5.96383e-05,0.94919,-0.94919,-9.98743e-06,0.314703
4320103,8.32689e-06,-1,-3.49512e-06,0.307266,-7.67471e-07,0.951624,-0.951624,-8.998e-06,0.307266
4329761,-1.63762e-05,-1,-7.98263e-05,0.299699,-8.10649e-05,0.954034,-0.954034,-8.30035e-06,0.299699
4340015,-3.32858e-05,-1,-0.00013739,0.292485,-0.000141117,0.95627,-0.95627,-8.35415e-06,0.292485
4350202,-4.32012e-05,-1,-0.00017602,0.285643,-0.000181026,0.958336,-0.958336,-8.87744e-06,0.285643
4359939,-4.54988e-05,-1,-0.000185989,0.278859,-0.000191299,0.960332,-0.960332,-8.17081e-06,0.278859
4369965,-4.09027e-05,-1,-0.000176722,0.272477,-0.00018118,0.962162,-0.962162,-8.79751e-06,0.272477
4379754,-3.44941e-05,-1,-0.000157763,0.266251,-0.000161253,0.963904,-0.963904,-8.75554e-06,0.266251
4389928,-3.07515e-05,-1,-0.000148383,0.26008,-0.000151274,0.965587,-0.965587,-8.89818e-06,0.26008
4400148,-2.4655e-05,-1,-0.000129278,0.254283,-0.000131298,0.96713,-0.96713,-9.02844e-06,0.254283
4409917,-1.95956e-05,-1,-0.000110103,0.24861,-0.000111518,0.968604,-0.968604,-8.39228e-06,0.24861
4420218,-9.10899e-06,-1,-7.1466e-05,0.242876,-7.15384e-05,0.970057,-0.970057,-8.52112e-06,0.242876
4429963,6.22052e-07,-1,-3.27097e-05,0.237415,-3.16268e-05,0.971408,-0.971408,-8.37002e-06,0.237415
4439919,1.2873e-05,-1,1.58814e-05,0.232076,1.84353e-05,0.972698,-0.972698,-8.83587e-06,0.232076
4450229,2.16635e-05,-1,5.48629e-05,0.226523,5.83441e-05,0.974006,-0.974006,-8.67267e-06,0.226523
4460147,3.03205e-05,-1,9.3943e-05,0.221085,9.83217e-05,0.975255,-0.975255,-8.8008e-06,0.221085
4470203,3.6356e-05,-1,0.000123347,0.215885,0.000128287,0.976419,-0.976419,-8.87003e-06,0.215885
4480269,3.94483e-05,-1,0.000143048,0.210458,0.000148146,0.977603,-0.977603,-8.4592e-06,0.210458
4490191,3.88993e-05,-1,0.000143218,0.204987,0.00014815,0.978765,-0.978765,-8.71548e-06,0.204987
4499808,3.58602e-05,-1,0.00013358,0.199664,0.00013805,0.979864,-0.979864,-8.46707e-06,0.199664
4510017,3.1784e-05,-1,0.000114107,0.194315,0.000118108,0.980939,-0.980939,-9.00546e-06,0.194315
4520192,2.70828e-05,-1,9.45938e-05,0.188718,9.80051e-05,0.982031,-0.982031,-8.74459e-06,0.188718
4529851,1.88393e-05,-1,5.53719e-05,0.183192,5.7886e-05,0.983077,-0.983077,-8.37686e-06,0.183192
4539887,1.19293e-05,-1,1.60645e-05,0.17794,1.79308e-05,0.984041,-0.984041,-8.88037e-06,0.17794
4550094,4.89046e-06,-1,-2.33193e-05,0.172585,-2.21253e-05,0.984995,-0.984995,-8.84164e-06,0.172585
4559920,-2.0414e-06,-1,-6.27778e-05,0.167199,-6.22354e-05,0.985923,-0.985923,-8.48371e-06,0.167199
4570062,-6.03633e-06,-1,-9.24356e-05,0.162056,-9.2192e-05,0.986782,-0.986782,-9.02319e-06,0.162056
4579950,-1.07312e-05,-1,-0.000122137,0.157121,-0.000122306,0.987579,-0.987579,-8.59249e-06,0.157121
4590131,-1.32389e-05,-1,-0.000142002,0.152036,-0.000142364,0.988375,-0.988375,-8.50457e-06,0.152036
4600334,-1.07816e-05,-1,-0.000132218,0.147089,-0.000132366,0.989123,-0.989123,-8.78354e-06,0.147089
4609797,-8.74113e-06,-1,-0.000122412,0.142387,-0.000122409,0.989811,-0.989811,-8.77783e-06,0.142387
4619946,-6.96164e-06,-1,-0.000112586,0.137888,-0.000112471,0.990448,-0.990448,-8.62914e-06,0.137888
4630140,-4.16013e-06,-1,-9.28354e-05,0.133326,-9.25612e-05,0.991072,-0.991072,-8.25437e-06,0.133326
4640127,5.33914e-07,-1,-6.3141e-05,0.128822,-6.25461e-05,0.991668,-0.991668,-8.66343e-06,0.128822
4649878,3.00925e-06,-1,-4.33316e-05,0.124552,-4.26194e-05,0.992213,-0.992213,-8.38284e-06,0.124552
4660121,7.04093e-06,-1,-1.35727e-05,0.120494,-1.26254e-05,0.992714,-0.992714,-8.62506e-06,0.120494
4669954,1.06008e-05,-1,1.62165e-05,0.116388,1.73401e-05,0.993204,-0.993204,-8.6413e-06,0.116388
4680140,1.35893e-05,-1,4.60346e-05,0.112254,4.72691e-05,0.99368,-0.99368,-8.33583e-06,0.112254
4689768,1.6677e-05,-1,7.58786e-05,0.108273,7.72382e-05,0.994121,-0.994121,-8.36337e-06,0.108273
4699999,1.8888e-05,-1,9.58009e-05,0.10439,9.72492e-05,0.994536,-0.994536,-8.78413e-06,0.10439
4710294,2.0044e-05,-1,0.000115737,0.100604,0.000117166,0.994927,-0.994927,-8.29877e-06,0.100604
4719987,2.16987e-05,-1,0.000135687,0.0967525,0.00013715,0.995308,-0.995308,-8.46881e-06,0.0967525
4730155,2.09947e-05,-1,0.000135737,0.0929073,0.0001371,0.995675,-0.995675,-8.29294e-06,0.0929073
4739816,1.96055e-05,-1,0.000125822,0.0892653,0.00012707,0.996008,-0.996008,-8.29574e-06,0.0892653
4750126,1.85432e-05,-1,0.000115898,0.0857452,0.000117061,0.996317,-0.996317,-8.53721e-06,0.0857452
4759862,1.59617e-05,-1,8.6033e-05,0.0823075,8.70548e-05,0.996607,-0.996607,-8.82635e-06,0.0823075
4769994,1.27715e-05,-1,5.61504e-05,0.0788714,5.69828e-05,0.996885,-0.996885,-8.30305e-06,0.0788714
4780161,1.02674e-05,-1,2.62509e-05,0.0754497,2.69507e-05,0.99715,-0.99715,-8.25753e-06,0.0754497
4790319,7.34329e-06,-1,-1.36385e-05,0.0720853,-1.30737e-05,0.997398,-0.997398,-8.30733e-06,0.0720853
4799944,5.46971e-06,-1,-4.35707e-05,0.0687644,-4.30915e-05,0.997633,-0.997633,-8.45288e-06,0.0687644
4809745,4.30093e-06,-1,-6.35372e-05,0.0655211,-6.31188e-05,0.997851,-0.997851,-8.45472e-06,0.0655211
4819945,2.37328e-06,-1,-9.34912e-05,0.0624275,-9.31607e-05,0.998049,-0.99805,-8.20508e-06,0.0624275
4829720,1.52598e-06,-1,-0.000113473,0.0594255,-0.000113182,0.998233,-0.998233,-8.26647e-06,0.0594255
4839864,1.34488e-06,-1,-0.000123477,0.0564718,-0.000123204,0.998404,-0.998404,-8.31568e-06,0.0564718
4850229,1.47892e-06,-1,-0.000123496,0.0535474,-0.00012324,0.998565,-0.998565,-8.0897e-06,0.0535474
4859876,2.4576e-06,-1,-0.000113527,0.0507021,-0.000113256,0.998714,-0.998714,-8.21049e-06,0.0507021
4869972,3.35731e-06,-1,-0.000103553,0.0479548,-0.000103273,0.99885,-0.99885,-8.31932e-06,0.0479548
4880229,4.49796e-06,-1,-8.35864e-05,0.0453568,-8.32964e-05,0.998971,-0.998971,-8.28454e-06,0.0453568
4890006,5.60116e-06,-1,-6.3614e-05,0.0428402,-6.33157e-05,0.999082,-0.999082,-8.32125e-06,0.0428402
4900068,6.92052e-06,-1,-3.36449e-05,0.0404045,-3.33378e-05,0.999183,-0.999183,-8.27427e-06,0.0404045
4909740,8.14143e-06,-1,-3.66969e-06,0.038014,-3.35755e-06,0.999277,-0.999277,-8.27505e-06,0.038014
4920178,9.0779e-06,-1,2.63109e-05,0.0357281,2.66184e-05,0.999362,-0.999362,-8.13206e-06,0.0357281
4929759,9.77672e-06,-1,4.63015e-05,0.0335798,4.66037e-05,0.999436,-0.999436,-8.2164e-06,0.0335798
4939878,1.02535e-05,-1,6.62946e-05,0.0315459,6.65851e-05,0.999502,-0.999502,-8.15709e-06,0.0315459
4949939,1.05228e-05,-1,8.62898e-05,0.0295766,8.65633e-05,0.999563,-0.999563,-7.96603e-06,0.0295766
4959725,1.12224e-05,-1,0.000106287,0.0276627,0.000106557,0.999617,-0.999617,-8.27788e-06,0.0276627
4969922,1.14602e-05,-1,0.000126285,0.025829,0.000126539,0.999666,-0.999666,-8.19454e-06,0.025829
4980134,1.09864e-05,-1,0.000126291,0.0239757,0.000126518,0.999713,-0.999713,-7.95534e-06,0.0239757
4989785,1.04896e-05,-1,0.000116298,0.0221783,0.000116502,0.999754,-0.999754,-7.90771e-06,0.0221783
5000063,1.03009e-05,-1,0.000106305,0.0204621,0.000106493,0.999791,-0.999791,-8.12354e-06,0.0204621
5010215,9.39828e-06,-1,7.63134e-05,0.0188748,7.64772e-05,0.999822,-0.999822,-7.95621e-06,0.0188748
5019830,8.35007e-06,-1,3.63215e-05,0.0174039,3.64613e-05,0.999849,-0.999849,-7.71667e-06,0.0174039
5029926,7.93897e-06,-1,6.32615e-06,0.0160191,6.45251e-06,0.999872,-0.999872,-7.83661e-06,0.0160191
5040009,7.74156e-06,-1,-2.36705e-05,0.0146944,-2.35542e-05,0.999892,-0.999892,-8.08855e-06,0.0146944
5049765,7.08399e-06,-1,-4.36692e-05,0.0134181,-4.35702e-05,0.99991,-0.99991,-7.66931e-06,0.0134181
5059999,7.16841e-06,-1,-7.36676e-05,0.0121747,-7.35749e-05,0.999926,-0.999926,-8.06476e-06,0.0121747
5070261,6.87476e-06,-1,-9.36675e-05,0.0109194,-9.35869e-05,0.99994,-0.99994,-7.89714e-06,0.0109194
5079888,6.70345e-06,-1,-0.000103668,0.00978456,-0.000103598,0.999952,-0.999952,-7.71748e-06,0.00978456
5090076,6.66805e-06,-1,-0.000123668,0.00877812,-0.000123605,0.999961,-0.999961,-7.75337e-06,0.00877811
5099909,6.99677e-06,-1,-0.00011367,0.0079249,-0.000113611,0.999969,-0.999969,-7.89737e-06,0.0079249
5109983,7.05788e-06,-1,-0.000103671,0.00717553,-0.000103617,0.999974,-0.999974,-7.80159e-06,0.00717553
5119981,7.22786e-06,-1,-9.36713e-05,0.00650939,-9.36222e-05,0.999979,-0.999979,-7.83745e-06,0.00650939
5130159,7.30803e-06,-1,-8.36718e-05,0.00590112,-8.36273e-05,0.999983,-0.999983,-7.80166e-06,0.00590112
5139958,7.41435e-06,-1,-6.36724e-05,0.00532914,-6.3632e-05,0.999986,-0.999986,-7.75356e-06,0.00532914
5150234,7.36548e-06,-1,-3.36729e-05,0.00476794,-3.36374e-05,0.999989,-0.999989,-7.52595e-06,0.00476794
5160202,7.88217e-06,-1,-3.6733e-06,0.00420487,-3.64013e-06,0.999991,-0.999991,-7.89755e-06,0.00420487
5169843,7.94612e-06,-1,2.63265e-05,0.00366401,2.63554e-05,0.999993,-0.999993,-7.84961e-06,0.00366401
5180074,7.72318e-06,-1,4.63264e-05,0.00321997,4.63511e-05,0.999995,-0.999995,-7.57397e-06,0.00321997
5189786,7.8473e-06,-1,6.63264e-05,0.00285632,6.63485e-05,0.999996,-0.999996,-7.65782e-06,0.00285632
5200076,7.78615e-06,-1,8.63264e-05,0.00259613,8.63463e-05,0.999997,-0.999997,-7.562e-06,0.00259613
5209931,7.91106e-06,-1,0.000106326,0.00238145,0.000106345,0.999997,-0.999997,-7.65783e-06,0.00238145
5220105,8.29204e-06,-1,0.000126326,0.00217414,0.000126344,0.999998,-0.999998,-8.01737e-06,0.00217414
5229806,7.96763e-06,-1,0.000126326,0.00197725,0.000126342,0.999998,-0.999998,-7.71783e-06,0.00197725
5239849,7.91442e-06,-1,0.000116326,0.00179335,0.00011634,0.999998,-0.999998,-7.70579e-06,0.00179335
5250088,7.8186e-06,-1,0.000106327,0.00162513,0.000106339,0.999999,-0.999999,-7.6458e-06,0.00162513
5260198,7.83086e-06,-1,8.63266e-05,0.00144858,8.63378e-05,0.999999,-0.999999,-7.7058e-06,0.00144858
5269832,7.86066e-06,-1,4.63266e-05,0.00127071,4.63366e-05,0.999999,-0.999999,-7.80179e-06,0.00127071
5280297,7.72337e-06,-1,1.63266e-05,0.00107559,1.63349e-05,0.999999,-0.999999,-7.7058e-06,0.00107559
5289961,7.6456e-06,-1,-1.36734e-05,0.000895574,-1.36665e-05,1,-1,-7.65785e-06,0.000895573
5299784,7.67387e-06,-1,-4.36733e-05,0.000731186,-4.36677e-05,1,-1,-7.7058e-06,0.000731186
5309954,7.52557e-06,-1,-6.36733e-05,0.000572611,-6.3669e-05,1,-1,-7.56203e-06,0.00057261
5320220,7.58224e-06,-1,-9.36733e-05,0.000424754,-9.36701e-05,1,-1,-7.62203e-06,0.000424754
5329898,7.2557e-06,-1,-0.000103673,0.000295939,-0.000103671,1,-1,-7.28638e-06,0.000295939
5340127,7.62015e-06,-1,-0.000123673,0.000207438,-0.000123672,1,-1,-7.64581e-06,0.000207437
5349715,7.46045e-06,-1,-0.000123673,0.000143429,-0.000123672,1,-1,-7.47819e-06,0.000143429
5359987,7.38391e-06,-1,-0.000113673,9.12787e-05,-0.000113673,1,-1,-7.39428e-06,9.12779e-05
5369783,7.47183e-06,-1,-9.36734e-05,6.78835e-05,-9.36728e-05,1,-1,-7.47819e-06,6.78828e-05
5380134,7.37576e-06,-1,-8.36734e-05,7.90498e-05,-8.36728e-05,1,-1,-7.38237e-06,7.90491e-05
5389948,7.7241e-06,-1,-6.36733e-05,8.8957e-05,-6.36727e-05,1,-1,-7.72976e-06,8.89565e-05
5399976,7.46198e-06,-1,-3.36734e-05,0.000120662,-3.36725e-05,1,-1,-7.46604e-06,0.000120662
5410080,7.42966e-06,-1,-3.67335e-06,0.00015021,-3.67223e-06,1,-1,-7.43022e-06,0.00015021
5419767,7.24139e-06,-1,1.63267e-05,0.000172267,1.63279e-05,1,-1,-7.23858e-06,0.000172267
5429930,7.43908e-06,-1,4.63266e-05,0.000191329,4.63281e-05,1,-1,-7.43022e-06,0.000191329
5440149,7.38326e-06,-1,6.63266e-05,0.000196675,6.63281e-05,1,-1,-7.37022e-06,0.000196675
5449878,7.3855e-06,-1,8.63266e-05,0.000176981,8.6328e-05,1,-1,-7.37022e-06,0.000176982
5459771,7.50651e-06,-1,0.000106327,0.000154344,0.000106328,1,-1,-7.4901e-06,0.000154345
5469806,7.20532e-06,-1,0.000116327,0.000126915,0.000116328,1,-1,-7.19056e-06,0.000126915
5480098,7.2039e-06,-1,0.000126327,0.000105589,0.000126327,1,-1,-7.19056e-06,0.00010559
5489819,7.46225e-06,-1,0.000116327,6.9471e-05,0.000116327,1,-1,-7.45417e-06,6.94719e-05
5499932,7.43361e-06,-1,0.000116327,2.91506e-05,0.000116327,1,-1,-7.43022e-06,2.91514e-05
5509991,7.20159e-06,-1,8.63267e-05,-1.02704e-05,8.63266e-05,1,-1,-7.20247e-06,-1.02698e-05
5519997,7.36744e-06,-1,5.63267e-05,-4.9392e-05,5.63263e-05,1,-1,-7.37022e-06,-4.93916e-05
5530222,7.08024e-06,-1,2.63267e-05,-8.92324e-05,2.6326e-05,1,-1,-7.08259e-06,-8.92322e-05
5539824,7.32409e-06,-1,-1.36733e-05,-0.000126676,-1.36743e-05,1,-1,-7.32235e-06,-0.000126676
5550040,7.14918e-06,-1,-4.36733e-05,-0.000151064,-4.36744e-05,1,-1,-7.14259e-06,-0.000151064
5559720,7.17742e-06,-1,-6.36733e-05,-0.000170957,-6.36746e-05,1,-1,-7.16654e-06,-0.000170958
5569921,7.10859e-06,-1,-8.36733e-05,-0.000165518,-8.36745e-05,1,-1,-7.09474e-06,-0.000165519
5580110,7.29077e-06,-1,-0.000103673,-0.000157921,-0.000103674,1,-1,-7.2744e-06,-0.000157922
5589855,7.1252e-06,-1,-0.000123673,-0.000149965,-0.000123674,1,-1,-7.10665e-06,-0.000149966
5600104,7.15903e-06,-1,-0.000123673,-0.000132968,-0.000123674,1,-1,-7.14259e-06,-0.000132969
5609767,7.05909e-06,-1,-0.000113673,-0.000108415,-0.000113674,1,-1,-7.04677e-06,-0.000108416
5619941,7.27062e-06,-1,-0.000103673,-7.97264e-05,-0.000103674,1,-1,-7.26236e-06,-7.97272e-05
5630108,7.02817e-06,-1,-9.36733e-05,-5.84005e-05,-9.36737e-05,1,-1,-7.0227e-06,-5.84011e-05
5640264,7.16823e-06,-1,-7.36733e-05,-2.29945e-05,-7.36735e-05,1,-1,-7.16654e-06,-2.2995e-05
5649917,7.04655e-06,-1,-3.36733e-05,6.48632e-06,-3.36733e-05,1,-1,-7.04677e-06,6.48608e-06
5660098,6.90276e-06,-1,-3.67334e-06,4.59673e-05,-3.67302e-06,1,-1,-6.90293e-06,4.59673e-05
5669819,7.14401e-06,-1,1.63267e-05,8.69464e-05,1.63273e-05,1,-1,-7.14259e-06,8.69465e-05
5679883,7.14794e-06,-1,4.63267e-05,0.000115648,4.63275e-05,1,-1,-7.14259e-06,0.000115649
5690142,6.86481e-06,-1,6.63267e-05,0.000148598,6.63277e-05,1,-1,-6.85496e-06,0.000148598
5700231,6.86923e-06,-1,8.63267e-05,0.000165316,8.63278e-05,1,-1,-6.85496e-06,0.000165316
5709779,7.10151e-06,-1,0.000106327,0.000177959,0.000106328,1,-1,-7.08259e-06,0.00017796
5720092,6.92671e-06,-1,0.000126327,0.000188265,0.000126328,1,-1,-6.90293e-06,0.000188266
5730303,6.976e-06,-1,0.000126327,0.000198333,0.000126328,1,-1,-6.95095e-06,0.000198333
5740003,7.2863e-06,-1,0.000116327,0.000205822,0.000116328,1,-1,-7.26236e-06,0.000205823
5749964,6.87847e-06,-1,0.000116327,0.000202167,0.000116328,1,-1,-6.85496e-06,0.000202168
5760109,6.35663e-06,-1,8.63267e-05,0.000195936,8.63279e-05,1,-1,-6.33971e-06,0.000195936
5769780,6.80489e-06,-1,5.63267e-05,0.000176229,5.63279e-05,1,-1,-6.79496e-06,0.000176229
5780069,6.71378e-06,-1,1.63267e-05,0.000152327,1.63277e-05,1,-1,-6.71129e-06,0.000152327
5790122,6.66173e-06,-1,-1.36733e-05,0.000116202,-1.36725e-05,1,-1,-6.66332e-06,0.000116202
5799985,6.85248e-06,-1,-4.36733e-05,5.66608e-05,-4.36729e-05,1,-1,-6.85496e-06,5.66605e-05
5810265,6.51903e-06,-1,-6.36733e-05,7.00009e-06,-6.36732e-05,1,-1,-6.51948e-06,6.99967e-06
5819996,6.84644e-06,-1,-9.36733e-05,-3.57698e-05,-9.36735e-05,1,-1,-6.84308e-06,-3.57705e-05
5829937,6.52745e-06,-1,-0.000103673,-7.6862e-05,-0.000103674,1,-1,-6.51948e-06,-7.68627e-05
5840082,6.57922e-06,-1,-0.000123673,-9.61564e-05,-0.000123674,1,-1,-6.56733e-06,-9.61573e-05
5850095,6.77421e-06,-1,-0.000123673,-0.000121856,-0.000123674,1,-1,-6.75914e-06,-0.000121857
5860262,6.67941e-06,-1,-0.000113673,-0.000141623,-0.000113674,1,-1,-6.66332e-06,-0.000141624
5869933,6.77461e-06,-1,-0.000103673,-0.000149233,-0.000103674,1,-1,-6.75914e-06,-0.000149234
5880158,6.55637e-06,-1,-8.36732e-05,-0.000154626,-8.36742e-05,1,-1,-6.54343e-06,-0.000154627
5889785,6.70928e-06,-1,-6.36732e-05,-0.0001593,-6.36743e-05,1,-1,-6.69914e-06,-0.0001593
5900102,6.64475e-06,-1,-3.36732e-05,-0.000163255,-3.36743e-05,1,-1,-6.63925e-06,-0.000163255
5909769,6.44805e-06,-1,-3.67322e-06,-0.000166191,-3.67429e-06,1,-1,-6.44744e-06,-0.000166192
5920033,6.41937e-06,-1,2.63268e-05,-0.000162836,2.63257e-05,1,-1,-6.42366e-06,-0.000162836
5929755,6.69187e-06,-1,4.63268e-05,-0.000156904,4.63257e-05,1,-1,-6.69914e-06,-0.000156904
5940001,6.46177e-06,-1,6.63268e-05,-0.000146718,6.63258e-05,1,-1,-6.47151e-06,-0.000146717
5950166,6.12422e-06,-1,8.63268e-05,-0.000136831,8.63259e-05,1,-1,-6.13603e-06,-0.00013683
5960327,6.49597e-06,-1,0.000106327,-0.000106877,0.000106326,1,-1,-6.50733e-06,-0.000106876
5970204,6.13852e-06,-1,0.000126327,-7.42869e-05,0.000126326,1,-1,-6.1479e-06,-7.42861e-05
5979775,6.27449e-06,-1,0.000126327,-4.12172e-05,0.000126327,1,-1,-6.2797e-06,-4.12164e-05
5990281,6.23168e-06,-1,0.000116327,-1.50315e-06,0.000116327,1,-1,-6.23185e-06,-1.50242e-06
6000043,6.2358e-06,-1,0.000106327,3.71324e-05,0.000106327,1,-1,-6.23185e-06,3.71331e-05
6009824,6.23804e-06,-1,8.63268e-05,7.16933e-05,8.63272e-05,1,-1,-6.23185e-06,7.16939e-05
6020185,6.23655e-06,-1,4.63268e-05,0.000101461,4.63274e-05,1,-1,-6.23185e-06,0.000101461
6029932,6.25772e-06,-1,1.63268e-05,0.000117273,1.63275e-05,1,-1,-6.2558e-06,0.000117273
6040143,6.03823e-06,-1,-1.36732e-05,0.000132127,-1.36724e-05,1,-1,-6.04004e-06,0.000132127
6049802,6.22596e-06,-1,-4.36732e-05,0.000134824,-4.36724e-05,1,-1,-6.23185e-06,0.000134823
6059977,6.05383e-06,-1,-7.36732e-05,0.000138,-7.36724e-05,1,-1,-6.06399e-06,0.000137999
6070304,6.21866e-06,-1,-9.36732e-05,0.000140756,-9.36723e-05,1,-1,-6.23185e-06,0.000140756
6080019,6.10889e-06,-1,-0.000103673,0.000144591,-0.000103672,1,-1,-6.12388e-06,0.000144591
6089860,6.09381e-06,-1,-0.000123673,0.000146808,-0.000123672,1,-1,-6.11197e-06,0.000146808
6099975,6.0222e-06,-1,-0.000123673,0.000144292,-0.000123672,1,-1,-6.04004e-06,0.000144291
6110264,6.168e-06,-1,-0.000113673,0.000139678,-0.000113672,1,-1,-6.18388e-06,0.000139677
6119936,5.92958e-06,-1,-0.000103673,0.000141169,-0.000103672,1,-1,-5.94422e-06,0.000141168
6130233,5.93324e-06,-1,-8.36732e-05,0.000131282,-8.36724e-05,1,-1,-5.94422e-06,0.000131281
6139788,6.2608e-06,-1,-6.36732e-05,0.000110256,-6.36725e-05,1,-1,-6.26782e-06,0.000110256
6149954,5.94115e-06,-1,-3.36732e-05,9.11412e-05,-3.36727e-05,1,-1,-5.94422e-06,9.1141e-05
6159856,5.94396e-06,-1,-3.67321e-06,7.08277e-05,-3.67278e-06,1,-1,-5.94422e-06,7.08277e-05
6169994,5.94563e-06,-1,2.63268e-05,5.35703e-05,2.63271e-05,1,-1,-5.94422e-06,5.35705e-05
6180214,6.30543e-06,-1,4.63268e-05,3.83501e-05,4.6327e-05,1,-1,-6.30365e-06,3.83504e-05
6189873,6.08911e-06,-1,6.63268e-05,1.59464e-05,6.63269e-05,1,-1,-6.08806e-06,1.59468e-05
6200282,6.18357e-06,-1,8.63268e-05,-3.58125e-06,8.63268e-05,1,-1,-6.18388e-06,-3.58071e-06
6209979,5.941e-06,-1,0.000106327,-3.02925e-05,0.000106327,1,-1,-5.94422e-06,-3.02918e-05
6220199,5.66162e-06,-1,0.000126327,-5.55057e-05,0.000126326,1,-1,-5.66863e-06,-5.5505e-05
6229834,5.9343e-06,-1,0.000126327,-7.85616e-05,0.000126326,1,-1,-5.94422e-06,-7.85609e-05
6240031,5.8375e-06,-1,0.000116327,-9.37149e-05,0.000116326,1,-1,-5.8484e-06,-9.37142e-05
6250240,5.95658e-06,-1,0.000106327,-0.000108988,0.000106326,1,-1,-5.96817e-06,-0.000108987
6259841,5.83864e-06,-1,8.63268e-05,-0.000113003,8.63261e-05,1,-1,-5.8484e-06,-0.000113002
