time,ax,ay,az
0,-0.0109863,-0.998779,0.0876465
3993,-0.0126953,-0.992676,0.0893555
7905,-0.0126953,-0.996826,0.0930176
11875,-0.0104981,-0.996826,0.0930176
15825,-0.017334,-0.996582,0.0849609
19749,-0.017334,-0.99292,0.0888672
23694,-0.0112305,-0.99292,0.0888672
27709,-0.0104981,-0.992432,0.0895996
31657,-0.0104981,-0.998779,0.0991211
35653,-0.0158691,-0.998779,0.0991211
39538,-0.00512695,-1.00195,0.0930176
43476,-0.00512695,-1.00098,0.090332
47393,-0.0078125,-1.00098,0.090332
51291,-0.0107422,-1.00049,0.0898438
55254,-0.0107422,-1.05273,0.0900879
59184,-0.0102539,-0.990234,0.0900879
63139,-0.0119629,-0.996338,0.0900879
67045,-0.0119629,-0.996338,0.0915527
71001,-0.0114746,-0.993164,0.0915527
74944,-0.0124512,-0.987305,0.0908203
78873,-0.0124512,-0.987305,0.0942383
82789,-0.0136719,-1.01147,0.0942383
86755,-0.00805664,-0.989502,0.0949707
90702,-0.00805664,-0.989502,0.0917969
94618,-0.0100098,-1.01172,0.0917969
98556,-0.0102539,-0.98584,0.090332
102486,-0.0102539,-0.98584,0.0874023
106415,-0.0168457,-1.02075,0.0874023
110388,-0.0178223,-1.01489,0.0983887
114334,-0.0178223,-1.01489,0.0866699
118230,-0.00634766,-1.00903,0.0866699
122167,-0.0158691,-1.03979,0.0827637
126141,-0.0158691,-1.03979,0.0827637
130042,-0.00439453,-0.95752,0.0964355
133985,-0.0161133,-1.09863,0.0822754
137987,-0.0161133,-1.09863,0.0822754
141927,-0.00927734,-0.949707,0.0949707
145860,-0.00927734,-1.03418,0.0986328
149785,-0.0012207,-1.03418,0.0986328
153709,-0.0351562,-1.02759,0.0805664
157688,-0.0351562,-0.952881,0.102295
161615,-0.00268555,-0.952881,0.102295
165510,-0.0180664,-1.12036,0.088623
169481,-0.0180664,-0.956055,0.0944824
173414,-0.013916,-0.956055,0.0944824
177353,-0.00195313,-0.997559,0.10498
181277,-0.00195313,-0.961914,0.0817871
185178,-0.0266113,-1.02441,0.0817871
189113,-0.00341797,-0.936279,0.0932617
193065,-0.00341797,-0.915527,0.0952148
196945,-0.00366211,-1.10303,0.0952148
200915,-0.0305176,-0.903076,0.0749512
204857,-0.0305176,-0.903076,0.0966797
208834,-0.0178223,-1.10254,0.0966797
212775,-0.0158691,-0.969482,0.0883789
216723,-0.0158691,-0.969482,0.0942383
220615,-0.00732422,-1.00952,0.0942383
224553,-0.0185547,-1.03662,0.083252
228480,-0.0185547,-1.03662,0.0996094
232450,-0.00537109,-0.923584,0.0996094
236385,-0.0268555,-1.19116,0.0974121
240285,-0.0268555,-1.19116,0.0947266
244202,-0.0246582,-0.974365,0.0947266
248256,-0.0419922,-1.19458,0.0849609
252199,-0.0419922,-1.19458,0.0961914
256118,0.00878906,-1.06323,0.0961914
259930,0,-0.965088,0.078125
263767,0,-0.965088,0.078125
267692,0.0192871,-1.10083,0.105469
271642,0.0192871,-0.79541,0.083252
275546,0.0153809,-0.79541,0.083252
279478,-0.034668,-1.11157,0.0825195
283483,-0.034668,-0.897705,0.0957031
287392,-0.0136719,-0.897705,0.0957031
291287,-0.0686035,-1.01782,0.0861816
295217,-0.0686035,-1.04736,0.0837402
299171,-0.0581055,-1.04736,0.0837402
303086,-0.00952148,-0.841553,0.0976562
307055,-0.00952148,-0.844238,0.0915527
310981,-0.0258789,-1.09424,0.0915527
314887,-0.0148926,-1.01123,0.0986328
318815,-0.0148926,-1.01343,0.0915527
322749,-0.0300293,-1.13843,0.0915527
326688,-0.0378418,-1.23193,0.0734863
330613,-0.0378418,-1.23193,0.110596
334538,0.0126953,-1.00562,0.110596
338450,-0.00732422,-1.24146,0.0881348
342431,-0.00732422,-1.24146,0.0888672
346370,0.0202637,-0.976074,0.0888672
350228,-0.00170898,-1.11719,0.101318
354153,-0.00170898,-1.11719,0.0668945
358188,-0.0605469,-1.1123,0.0668945
362112,-0.00195313,-0.955811,0.110596
366015,-0.00195313,-0.955811,0.0693359
369945,-0.0661621,-1.13745,0.0693359
373876,-0.0803223,-0.904541,0.108643
377829,-0.0178223,-0.904541,0.119629
381779,-0.0336914,-1.02246,0.119629
385687,-0.0166016,-1.05225,0.0737305
389591,-0.0791016,-1.05225,0.0737305
393543,-0.0078125,-0.876221,0.114258
397488,-0.0146484,-1.17456,0.0693359
401418,-0.0771484,-1.17456,0.0693359
405352,-0.0161133,-1.00684,0.105225
409245,-0.0161133,-1.01733,0.103271
413173,-0.0183105,-1.01733,0.103271
417131,-0.0219727,-1.10303,0.079834
421085,-0.0219727,-0.879639,0.095459
425028,0.0322266,-0.879639,0.095459
428943,-0.0441894,-1.15527,0.0722656
432891,-0.0441894,-1.13281,0.113525
436824,-0.0126953,-0.882812,0.113525
440754,-0.0583496,-1.15942,0.0878906
444697,-0.0583496,-1.18652,0.0915527
448622,-0.0390625,-0.999023,0.0915527
452557,-0.0151367,-0.930908,0.102051
456467,-0.0151367,-0.891357,0.0944824
460448,-0.0273438,-1.07886,0.0944824
464399,-0.0566406,-0.919678,0.0786133
468413,-0.0566406,-0.919678,0.0974121
472325,-0.0651855,-1.19995,0.0974121
476207,-0.0454102,-1.11768,0.114014
480143,-0.0454102,-1.11768,0.0681152
484101,-0.0424805,-1.10596,0.0681152
488038,-0.0546875,-1.2251,0.0563965
491968,-0.0546875,-1.2251,0.126465
495888,0.00830078,-0.965332,0.126465
499826,-0.0595703,-1.24902,0.079834
503747,-0.0595703,-1.24902,0.101807
507681,-0.0229492,-1.01929,0.101807
511601,-0.0563965,-1.01294,0.119629
515511,0.00610352,-1.01294,0.108643
519485,-0.0935059,-1.13696,0.0461426
523410,-0.0908203,-0.893066,0.119141
527332,-0.0283203,-0.893066,0.119141
531275,-0.064209,-1.09155,0.10376
535191,-0.0959473,-0.930664,0.0791016
539139,-0.0959473,-0.930664,0.0791016
543118,-0.0317383,-0.92627,0.118408
547081,-0.0317383,-1.10376,0.0515137
551113,-0.0793457,-1.10376,0.0515137
555035,-0.0769043,-0.818115,0.0668945
558956,-0.0769043,-1.07617,0.106201
562915,-0.0500488,-1.07617,0.106201
566839,-0.0656738,-0.939697,0.0856934
570772,-0.0656738,-0.983643,0.0805664
574738,-0.0773926,-0.983643,0.0805664
578701,-0.0825195,-1.19507,0.0869141
582632,-0.0825195,-1.23706,0.0976562
586571,-0.0646973,-0.924561,0.0976562
590520,-0.0864258,-1.19751,0.095459
594450,-0.0864258,-1.22363,0.121338
598392,-0.0305176,-0.973633,0.121338
602335,-0.032959,-0.90332,0.112793
606310,-0.032959,-0.922607,0.0766602
610199,-0.106201,-1.17261,0.0766602
614152,-0.0546875,-0.938965,0.117188
618092,-0.0546875,-0.938965,0.0415039
622049,-0.144287,-1.23535,0.0415039
625944,-0.0908203,-1.03955,0.0849609
629872,-0.0908203,-1.03955,0.105713
633820,-0.0275879,-1.03076,0.105713
637749,-0.102539,-1.16943,0.0529785
641684,-0.102539,-1.16943,0.0986328
645644,-0.0407715,-1.00781,0.0986328
649543,-0.0554199,-1.16333,0.0842285
653519,-0.0554199,-1.16333,0.0974121
657527,-0.0793457,-1.01709,0.0974121
661461,-0.0927734,-0.960938,0.136475
665379,-0.0302734,-0.960938,0.165771
669305,-0.115234,-1.12549,0.103271
673242,-0.074707,-0.865479,0.111084
677182,-0.074707,-0.865479,0.0788574
681102,-0.118408,-1.11768,0.0788574
685037,-0.0715332,-1.03882,0.0595703
688953,-0.134033,-1.03882,0.0595703
692946,-0.0983887,-0.977539,0.0996094
696856,-0.0983887,-1.18994,0.0705566
700811,-0.118896,-1.18994,0.0705566
704771,-0.0932617,-0.941162,0.0695801
708726,-0.0932617,-1.06982,0.0981445
712636,-0.0576172,-1.06982,0.0981445
716564,-0.0800781,-0.962158,0.104004
720492,-0.0800781,-0.9375,0.0932617
724398,-0.102783,-0.9375,0.0932617
728312,-0.092041,-1.04053,0.12207
732305,-0.092041,-1.00928,0.0895996
736227,-0.145508,-0.946777,0.0895996
740150,-0.177734,-1.15015,0.0725098
744080,-0.177734,-1.16675,0.128662
748020,-0.160889,-1.10425,0.128662
751967,-0.112549,-1.08862,0.10791
755875,-0.112549,-1.0752,0.0280762
759798,-0.172852,-1.2002,0.0280762
763767,-0.020752,-0.890625,0.12915
767764,-0.020752,-0.890625,0.0666504
771697,-0.0961914,-1.15527,0.0666504
775607,-0.100586,-0.951172,0.0893555
779553,-0.100586,-0.951172,0.116943
783530,-0.113525,-1.06665,0.116943
787439,-0.211426,-1.17407,0.0664062
791355,-0.211426,-1.17407,0.088623
795322,-0.185303,-1.01172,0.088623
799238,-0.172607,-1.15015,0.0932617
803176,-0.172607,-1.15015,0.0998535
807120,-0.136963,-0.912109,0.0998535
811048,-0.166992,-0.89502,0.0893555
815015,-0.104492,-0.89502,0.0717773
818962,-0.12793,-0.972656,0.0717773
822897,-0.133057,-0.878906,0.11499
826829,-0.133057,-0.878906,0.081543
830788,-0.211914,-1.16138,0.081543
834728,-0.196533,-1.12939,0.0822754
838639,-0.196533,-1.12939,0.0822754
842606,-0.169922,-0.998047,0.0688477
846567,-0.169922,-0.973145,0.0866699
850541,-0.126953,-0.973145,0.0866699
854466,-0.0505371,-0.678711,0.122314
858403,-0.0505371,-1.02979,0.0742188
862324,-0.14624,-1.02979,0.0742188
866259,-0.185791,-0.952393,0.092041
870199,-0.185791,-1.19165,0.0847168
874142,-0.225342,-1.19165,0.0847168
878130,-0.244629,-1.12036,0.0476074
882048,-0.244629,-1.08032,0.123535
885973,-0.154541,-0.955322,0.123535
889898,-0.162109,-1.15601,0.0861816
893830,-0.162109,-1.14185,0.0905762
897785,-0.128418,-0.954346,0.0905762
901743,-0.171143,-1.06738,0.0864258
905644,-0.171143,-1.10522,0.0595703
909559,-0.24707,-1.23022,0.0595703
913472,-0.151611,-1.01172,0.141602
917402,-0.151611,-1.01172,0.0822754
921343,-0.20459,-1.16357,0.0822754
925289,-0.161621,-0.871338,0.0939941
929251,-0.161621,-0.871338,0.120117
933171,-0.105469,-0.901611,0.120117
937117,-0.266357,-1.1145,0.0368652
941008,-0.266357,-1.1145,0.0520019
944947,-0.233154,-1.0498,0.114502
948859,-0.213867,-1.13574,0.109619
952810,-0.213867,-1.13574,0.0842285
956737,-0.235352,-0.931152,0.0842285
960665,-0.212158,-0.900146,0.0947266
964605,-0.149658,-0.900146,0.0844727
968576,-0.184814,-0.922363,0.0844727
972510,-0.148682,-0.882568,0.0942383
976480,-0.211182,-0.882568,0.0942383
980414,-0.277344,-1.29248,0.0842285
984347,-0.277344,-1.03784,0.0915527
988357,-0.265381,-1.03784,0.0915527
992299,-0.175537,-1.00098,0.117676
996220,-0.175537,-1.05273,0.0371094
1000169,-0.241699,-1.05273,0.0371094
1004071,-0.18335,-0.83374,0.115234
1008024,-0.18335,-1.25122,0.0834961
1011926,-0.274658,-1.25122,0.0834961
1015871,-0.264648,-0.971924,0.109863
1019824,-0.264648,-0.959961,0.126465
1023771,-0.213135,-0.959961,0.126465
1027724,-0.253906,-0.95752,0.0666504
1031651,-0.253906,-0.938721,0.0803223
1035569,-0.243408,-0.813721,0.0803223
1039510,-0.277344,-1.22729,0.105713
1043463,-0.277344,-1.2168,0.0878906
1047397,-0.304932,-1.0293,0.0878906
1051341,-0.219971,-0.961914,0.123047
1055307,-0.219971,-0.961914,0.0410156
1059212,-0.281738,-0.979492,0.0410156
1063156,-0.229248,-0.760986,0.0771484
1067103,-0.229248,-0.760986,0.0566406
1071054,-0.30835,-1.17383,0.0566406
1074989,-0.323486,-0.918945,0.0820312
1078930,-0.323486,-0.918945,0.139404
1082873,-0.236084,-0.958984,0.139404
1086816,-0.342041,-1.0459,-0.0012207
1090739,-0.342041,-1.0459,-0.0324707
1094681,-0.28418,-0.881104,0.0925293
1098690,-0.302979,-1.27222,0.11499
1102633,-0.302979,-1.27222,0.0966797
1106608,-0.331299,-0.98999,0.0966797
1110541,-0.368408,-0.994141,0.108643
1114443,-0.243408,-0.994141,0.111816
1118398,-0.287109,-0.900146,0.0493164
1122397,-0.2854,-0.858643,0.112549
1126300,-0.2854,-0.858643,0.0627441
1130224,-0.313477,-1.13037,0.125244
1134165,-0.342773,-0.872314,0.0722656
1138127,-0.342773,-0.872314,0.0722656
1142062,-0.287354,-0.943359,0.0878906
1145993,-0.287354,-0.81665,0.0793457
1149910,-0.327393,-0.81665,0.0793457
1153859,-0.345459,-1.00439,0.122559
1157839,-0.345459,-1.17334,0.0849609
1161744,-0.362549,-1.17334,0.0849609
1165681,-0.327148,-0.840088,0.123291
1169625,-0.327148,-0.967529,0.0842285
1173596,-0.284912,-0.967529,0.0842285
1177532,-0.41333,-1.00732,0.0578613
1181457,-0.41333,-1.0603,0.194336
1185380,-0.284668,-0.997803,0.194336
1189319,-0.365723,-1.09668,0.0766602
1193273,-0.365723,-1.10767,0.0581055
1197190,-0.380859,-0.795166,0.0581055
1201188,-0.269043,-0.91333,0.146973
1205104,-0.269043,-0.891602,0.0458984
1209104,-0.437988,-1.0791,0.0458984
1213074,-0.360352,-0.901855,0.108887
1216967,-0.360352,-0.901855,0.115967
1220931,-0.3396,-0.969727,0.115967
1224850,-0.345703,-0.691162,0.0576172
1228827,-0.345703,-0.691162,0.060791
1232710,-0.419678,-1.125,0.060791
1236711,-0.414062,-1.04688,0.0895996
1240622,-0.414062,-1.04688,0.150391
1244546,-0.325439,-0.865479,0.150391
1248440,-0.345703,-0.863037,0.0134277
1252403,-0.345703,-0.863037,0.0180664
1256347,-0.388672,-0.717773,0.0805664
1260271,-0.390625,-1.03052,0.144287
1264201,-0.328125,-1.03052,0.133789
1268141,-0.457764,-0.865723,0.0712891
1272095,-0.470703,-0.770752,0.0864258
1276028,-0.408203,-0.770752,0.0812988
1280005,-0.417969,-0.882324,0.0812988
1283903,-0.392578,-0.870361,0.0979004
1287895,-0.455078,-0.870361,0.0979004
1291795,-0.412842,-0.995605,0.0549316
1295747,-0.412842,-0.828857,0.0700684
1299663,-0.427246,-0.828857,0.0700684
1303572,-0.303223,-0.70874,0.160156
1307544,-0.303223,-1.02295,-0.0148926
1311510,-0.508057,-1.02295,-0.0148926
1315390,-0.480713,-0.976074,0.106201
1319469,-0.480713,-0.916992,0.170898
1323414,-0.364258,-0.916992,0.170898
1327360,-0.552246,-0.927246,-0.0263672
1331277,-0.552246,-0.914795,0.121582
1335215,-0.436279,-0.914795,0.121582
1339174,-0.454834,-1.09521,0.134766
1343134,-0.454834,-1.07373,0.112793
1347091,-0.44751,-0.82373,0.112793
1351012,-0.435791,-0.919434,0.0224609
1354941,-0.435791,-0.918701,0.114258
1358856,-0.458252,-0.918701,0.114258
1362846,-0.361572,-0.897705,0.148438
1366841,-0.361572,-0.897705,0.0151367
1370823,-0.493896,-0.962646,0.0151367
1374763,-0.461426,-0.702148,0.0878906
1378697,-0.461426,-0.702148,0.166992
1382679,-0.384521,-0.766113,0.166992
1386607,-0.561035,-0.882812,0.0180664
1390523,-0.561035,-0.882812,0.0783691
1394470,-0.514648,-0.838623,0.0783691
1398406,-0.45459,-0.819092,0.101562
1402367,-0.45459,-0.819092,0.0891113
1406290,-0.507568,-0.65918,0.0891113
1410224,-0.464355,-1.01929,0.105713
1414169,-0.464355,-1.01929,0.0646973
1418124,-0.545898,-0.871094,0.0646973
1422085,-0.428711,-0.70874,0.137207
1425991,-0.428711,-0.70874,0.125732
1429946,-0.485107,-0.832764,0.0632324
1433848,-0.470215,-0.930908,0.0444336
1437843,-0.595215,-0.930908,0.0158691
1441765,-0.506836,-0.986084,0.140869
1445757,-0.529297,-0.896484,0.0827637
1449676,-0.529297,-0.896484,0.0827637
1453627,-0.451416,-0.739258,0.0576172
1457535,-0.465332,-1.02271,-0.00366211
1461436,-0.277832,-1.02271,-0.00366211
1465391,-0.907227,-0.880859,-0.584229
1469343,-0.907227,-0.990479,0.083252
1473326,-0.627197,-0.990479,0.083252
1477294,-0.313232,-0.781738,0.342041
1481224,-0.313232,-0.734131,0.22583
1485151,-0.613281,-0.734131,0.22583
1489085,-0.508545,-1.09839,0.652344
1493029,-0.508545,-0.716553,0.236328
1497003,-0.598633,-0.716553,0.236328
1500895,-0.476074,-0.677002,0.304199
1504839,-0.476074,-0.660156,0.432129
1508782,-0.546875,-0.785156,0.432129
1512726,-0.509521,-0.709717,0.23999
1516664,-0.509521,-0.718506,0.0185547
1520607,-0.592285,-0.843506,0.0185547
1524560,-0.586426,-0.584473,-0.223633
1528526,-0.586426,-0.580078,-0.272461
1532436,-0.619385,-0.705078,-0.272461
1536390,-0.621094,-0.807373,-0.121582
1540317,-0.621094,-0.807373,-0.174561
1544284,-0.583008,-0.710693,-0.174561
1548205,-0.62085,-0.789551,-0.110596
1552177,-0.62085,-0.789551,0.059082
1556120,-0.546143,-0.562988,0.059082
1559999,-0.640625,-1.01562,0.03125
1563934,-0.640625,-1.01562,0.198975
1567900,-0.654297,-0.869141,0.198975
1571828,-0.479736,-0.675293,0.338623
1575807,-0.479736,-0.675293,0.334717
1579767,-0.606934,-0.781982,0.209717
1583711,-0.594238,-0.860596,0.207275
1587728,-0.656738,-0.860596,0.193115
1591669,-0.59668,-0.967285,0.193115
1595604,-0.608887,-0.762451,0.144287
1599537,-0.608887,-0.762451,0.160156
1603490,-0.552979,-0.601807,0.0351562
1607421,-0.504395,-0.908936,-0.0166016
1611338,-0.691895,-0.908936,-0.0166016
1615315,-0.596924,-0.674072,0.0773926
1619253,-0.606689,-0.663086,-0.0393066
1623187,-0.606689,-0.663086,-0.0393066
1627137,-0.686279,-0.651123,-0.0727539
1631094,-0.686279,-0.687256,0.0554199
1635037,-0.632568,-0.687256,0.0554199
1638971,-0.699707,-0.929443,0.09375
1642917,-0.699707,-0.661377,0.121338
1646857,-0.671387,-0.661377,0.121338
1650872,-0.587891,-0.833984,0.152588
1654793,-0.587891,-0.760254,0.138916
1658723,-0.7146,-0.760254,0.138916
1662635,-0.552002,-0.731934,0.224365
1666571,-0.552002,-0.701904,0.0964355
1670536,-0.662109,-0.826904,0.0964355
1674493,-0.683838,-0.616455,0.129883
1678436,-0.683838,-0.574951,0.16333
1682357,-0.5896,-0.699951,0.16333
1686316,-0.74707,-0.687744,0.00415039
1690221,-0.74707,-0.745605,0.0129394
1694150,-0.63208,-0.683105,0.0129394
1698149,-0.73291,-0.680176,-0.0283203
1702098,-0.73291,-0.680176,0.128174
1706068,-0.612793,-0.532227,0.128174
1709979,-0.721436,-0.891602,0.0148926
1713953,-0.721436,-0.891602,-0.0109863
1717900,-0.777344,-0.791748,-0.0109863
1721801,-0.60083,-0.671631,0.127441
1725740,-0.60083,-0.671631,0.0651855
1729708,-0.680176,-0.69043,0.0651855
1733665,-0.69751,-0.709961,0.15625
1737616,-0.69751,-0.709961,0.17334
1741546,-0.688477,-0.899902,0.17334
1745514,-0.667236,-0.552734,0.147461
1749464,-0.667236,-0.552734,0.17749
1753358,-0.633301,-0.467041,0.11499
1757297,-0.676025,-0.767822,0.0598144
1761236,-0.801025,-0.767822,0.0483398
1765171,-0.691406,-0.602539,0.17334
1769145,-0.711914,-0.564697,0.0703125
1773079,-0.711914,-0.564697,0.0703125
1777003,-0.756104,-0.611816,-0.00805664
1780904,-0.780273,-0.553711,-0.00585938
1784850,-0.717773,-0.553711,-0.00585938
1788828,-0.741943,-0.769775,0.0473633
1792775,-0.741943,-0.588135,0.0688477
1796728,-0.740723,-0.588135,0.0688477
1800682,-0.772217,-0.818359,0.0107422
1804625,-0.772217,-0.665771,0.134521
1808642,-0.717285,-0.665771,0.134521
1812578,-0.662354,-0.800293,0.130127
1816496,-0.662354,-0.865967,0.0444336
1820452,-0.782227,-0.865967,0.0444336
1824434,-0.696045,-0.645264,0.205566
1828331,-0.696045,-0.77002,0.231201
1832261,-0.642822,-0.77002,0.231201
1836204,-0.865723,-0.764893,0.0537109
1840151,-0.865723,-0.798828,0.115723
1844145,-0.681396,-0.673828,0.115723
1848076,-0.804443,-0.605469,0.0334473
1852001,-0.804443,-0.610596,0.145508
1855950,-0.663574,-0.423096,0.145508
1859908,-0.773926,-0.710938,0.0280762
1863847,-0.773926,-0.710938,-0.0227051
1867763,-0.834229,-0.617432,-0.0227051
1871721,-0.682617,-0.439209,0.0827637
1875635,-0.682617,-0.439209,0.0598144
1879608,-0.758545,-0.463867,0.0598144
1883573,-0.709961,-0.395996,0.0893555
1887488,-0.709961,-0.395996,0.0227051
1891428,-0.834717,-0.714844,0.0227051
1895375,-0.77832,-0.432373,0.134033
1899314,-0.77832,-0.432373,0.139404
1903226,-0.682861,-0.366699,0.139404
1907179,-0.935059,-0.80957,0.0397949
1911127,-0.935059,-0.80957,0.0112305
1915087,-0.780029,-0.580811,0.19873
1919061,-0.75708,-0.495605,0.137695
1923005,-0.69458,-0.495605,0.149658
1926931,-0.860352,-0.560791,0.0246582
1930873,-0.855713,-0.665039,0.0952148
1934849,-0.793213,-0.665039,0.0893555
1938786,-0.841553,-0.715576,0.0893555
1942728,-0.823975,-0.432861,0.0622559
1946661,-0.761475,-0.432861,0.0622559
1950609,-0.769287,-0.589844,0.0163574
1954550,-0.769287,-0.548828,0.00048828
1958524,-0.888184,-0.548828,0.00048828
1962415,-0.731934,-0.551514,0.12915
1966351,-0.731934,-0.591309,0.00830078
1970314,-0.85791,-0.591309,0.00830078
1974272,-0.847168,-0.493896,0.0788574
1978225,-0.847168,-0.572998,0.163574
1982185,-0.754639,-0.572998,0.163574
1986158,-0.875732,-0.596436,0.0805664
1990035,-0.875732,-0.583252,0.0947266
1993992,-0.787598,-0.583252,0.0947266
1997941,-0.847168,-0.548584,0.0930176
2001904,-0.847168,-0.549805,0.225342
2005880,-0.724609,-0.299805,0.225342
2009799,-0.858154,-0.709229,0.0681152
2013776,-0.858154,-0.724609,0.059082
2017687,-0.878906,-0.474609,0.059082
2021620,-0.76709,-0.414307,0.0541992
2025571,-0.76709,-0.391113,0.0637207
2029591,-0.866943,-0.453613,0.0637207
2033555,-0.781982,-0.436279,0.0976562
2037505,-0.781982,-0.436279,-0.0136719
2041455,-0.86792,-0.649902,-0.0136719
2045383,-0.824951,-0.384766,0.0783691
2049372,-0.824951,-0.384766,0.0898438
2053298,-0.731201,-0.388184,0.0898438
2057237,-1.00586,-0.724609,0.015625
2061177,-1.00586,-0.724609,0.16626
2065093,-0.77002,-0.463379,0.16626
2069050,-0.848145,-0.537842,0.0739746
2072998,-0.848145,-0.537842,0.0974121
2076949,-0.906738,-0.459229,0.0974121
2080894,-0.81665,-0.575195,0.152344
2084828,-0.81665,-0.575195,0.15625
2088770,-0.91748,-0.651855,0.09375
2092725,-0.93457,-0.34668,0.0917969
2096662,-0.80957,-0.34668,0.106445
2100575,-0.858154,-0.438232,0.0439453
2104514,-0.862061,-0.406982,0.0683594
2108452,-0.924561,-0.406982,0.0683594
2112396,-0.801514,-0.411377,0.0942383
2116334,-0.807617,-0.477051,0.00585938
2120273,-0.932617,-0.477051,0.00585938
2124223,-0.849609,-0.347656,0.0610352
2128174,-0.849609,-0.378418,0.0693359
2132124,-0.838379,-0.378418,0.0693359
2136063,-0.902588,-0.414551,0.0908203
2140073,-0.902588,-0.438721,0.0539551
2144023,-0.873291,-0.438721,0.0539551
2147964,-0.910645,-0.48584,0.0810547
2151904,-0.910645,-0.317139,0.181396
2155853,-0.830811,-0.317139,0.181396
2159794,-0.864258,-0.533936,0.0859375
2163731,-0.864258,-0.562012,0.0847168
2167691,-0.920654,-0.499512,0.0847168
2171637,-0.840088,-0.408936,0.111572
2175589,-0.840088,-0.406738,0.118896
2179551,-0.871094,-0.406738,0.118896
2183517,-0.88916,-0.382812,0.0727539
2187449,-0.88916,-0.43457,0.013916
2191381,-0.918945,-0.49707,0.013916
2195320,-0.90918,-0.300049,0.0788574
2199257,-0.90918,-0.287109,0.349121
2203216,-0.397217,-0.224609,0.349121
2207142,-1.81055,-0.658203,-1.24585
2211051,-1.81055,-0.658203,0.854248
2214988,-0.204834,-0.490234,0.854248
2218991,-1.35742,-0.158447,-0.130615
2222968,-1.35742,-0.158447,1.01074
2226901,-0.641846,-0.425781,1.01074
2230849,-0.935547,-0.178955,-0.221436
2234801,-0.935547,-0.178955,0.0817871
2238738,-1.08423,-0.458984,0.0817871
2242677,-0.628906,-0.313477,0.828613
2246617,-0.628906,-0.313477,0.843018
2250544,-1.02246,-0.215332,0.0305176
2254475,-1.02148,-0.320312,0.157959
2258412,-0.833984,-0.320312,0.177979
2262345,-1.04077,-0.257812,-0.697021
2266278,-1.03125,-0.428467,0.0776367
2270204,-0.90625,-0.428467,0.0820312
2274138,-0.824219,-0.266357,0.0820312
2278086,-0.82666,-0.311035,-0.417969
2282024,-1.01416,-0.311035,-0.417969
2285983,-0.934326,-0.371338,-0.195312
2289920,-0.934326,-0.348145,-0.154785
2293842,-0.983154,-0.348145,-0.154785
2297820,-0.822998,-0.447754,0.563477
2301729,-0.822998,-0.0507812,0.185791
2305697,-0.881104,-0.0507812,0.185791
2309624,-0.960938,-0.418701,0.0505371
2313566,-0.960938,-0.257812,0.385742
2317500,-0.949707,-0.257812,0.385742
2321493,-0.84668,-0.171875,0.487305
2325451,-0.84668,-0.181641,0.39917
2329463,-0.896973,-0.369141,0.39917
2333411,-1.01855,-0.178223,-0.154541
2337299,-1.01855,-0.128174,0.00585938
2341236,-0.944824,-0.440674,0.00585938
2345209,-0.897217,-0.146484,0.132568
2349129,-0.897217,-0.163574,-0.0202637
2353078,-0.862793,-0.163574,-0.0202637
2357011,-1.02612,-0.410889,-0.325195
2360952,-1.02612,-0.376953,-0.298584
2364882,-0.9375,-0.126953,-0.298584
2368813,-0.906738,-0.304443,0.0837402
2372755,-0.906738,-0.304443,0.0761719
2376684,-0.936035,-0.226562,0.0761719
2380623,-0.939697,-0.286621,0.0227051
2384575,-0.939697,-0.286621,0.0371094
2388543,-1.00366,-0.402832,0.0371094
2392462,-0.886475,-0.24707,0.341309
2396377,-0.886475,-0.24707,0.348877
2400315,-0.94165,-0.444824,0.411377
2404258,-0.94873,-0.275146,0.229492
2408247,-0.94873,-0.275146,0.203369
2412158,-0.909912,-0.374756,0.140869
2416092,-0.877197,-0.382324,0.168945
2420032,-1.0022,-0.382324,0.185547
2424000,-0.841797,-0.128906,0.248047
2427931,-0.847656,-0.235352,-0.0983887
2431910,-0.972656,-0.235352,-0.0773926
2435835,-1.00171,-0.178467,-0.202393
2439864,-1.03394,-0.153564,-0.0632324
2443821,-0.908936,-0.153564,-0.0632324
2447803,-0.982178,-0.252441,0.0129394
2451708,-0.982178,-0.0578613,-0.0378418
2455664,-0.922363,-0.0578613,-0.0378418
2459594,-1.03101,-0.290527,-0.155273
2463543,-1.03101,-0.169922,0.107422
2467458,-0.957031,-0.169922,0.107422
2471396,-0.850098,-0.0112305,0.324463
2475334,-0.850098,-0.126709,0.240234
2479258,-0.98877,-0.126709,0.240234
2483186,-0.966309,-0.151855,0.140625
2487139,-0.966309,-0.178711,0.159424
2491101,-0.978271,-0.178711,0.159424
2495030,-0.926514,-0.020752,0.311768
2498993,-0.926514,-0.0419922,0.19751
2502969,-0.90918,-0.0419922,0.19751
2506941,-1.0542,-0.293213,-0.0583496
2510851,-1.0542,-0.290283,-0.0407715
2514777,-0.906738,-0.0402832,-0.0407715
2518718,-1.01147,-0.178223,-0.0397949
2522648,-1.01147,-0.153564,0.0183105
2526578,-0.937988,-0.0910645,0.0183105
2530514,-0.975098,-0.146484,-0.126465
2534460,-0.975098,-0.146484,-0.120361
2538379,-1.02539,-0.226074,-0.120361
2542351,-0.916016,-0.0473633,0.0856934
2546309,-0.916016,-0.0473633,0.100098
2550275,-0.988281,-0.114258,0.100098
2554193,-0.944824,-0.0163574,0.126465
2558174,-0.944824,-0.0163574,0.118164
2562132,-0.966309,-0.182129,0.118164
2566071,-0.984619,-0.223633,0.22583
2569960,-0.984619,-0.223633,0.199707
2573866,-0.900635,0.0500488,0.262207
2577851,-0.885254,-0.170654,0.144531
2581749,-1.01025,-0.170654,0.157715
2585722,-0.954102,-0.290771,0.0952148
2589650,-0.959229,-0.164795,0.0939941
2593621,-0.959229,-0.164795,0.0939941
2597539,-0.989502,-0.223877,0.0708008
2601511,-0.980469,0.0266113,-0.0117188
2605432,-0.917969,0.0266113,-0.0117188
2609333,-1.05908,-0.290283,-0.117188
2613289,-1.05908,-0.0288086,-0.0249023
2617231,-0.933594,-0.0288086,-0.0249023
2621168,-0.955322,-0.046875,0.0336914
2625073,-0.955322,-0.137939,0.0178223
2629010,-1.00317,-0.137939,0.0178223
2632972,-0.94165,-0.0480957,0.029541
2636892,-0.94165,-0.185547,0.117676
2640836,-1.01245,-0.185547,0.117676
2644809,-0.895752,0.0449219,0.240967
2648774,-0.895752,0.0126953,0.187012
2652668,-0.975586,0.0126953,0.187012
2656602,-1.01978,-0.209473,0.143555
2660609,-1.01978,-0.19751,0.15625
2664531,-0.905029,0.11499,0.15625
2668463,-1.01733,-0.0507812,0.155273
2672395,-1.01733,-0.0617676,0.116211
2676324,-0.935303,0.125732,0.116211
2680267,-0.989502,-0.0163574,-0.0373535
2684213,-0.989502,-0.0163574,-0.0458984
2688200,-0.997559,0.060791,-0.0458984
2692136,-0.925049,0.227295,0.0144043
2696095,-0.925049,0.227295,0.00024414
2699963,-1.01978,0.00024414,0.00024414
2703878,-0.939209,0.12793,-0.0317383
2707850,-0.939209,0.12793,-0.0065918
2711740,-1.00781,-0.00219727,-0.0065918
2715712,-0.975342,-0.0649414,0.105957
2719604,-0.975342,-0.0649414,0.101074
2723569,-0.912598,0.213135,0.163574
2727494,-0.904541,-0.015625,0.114746
2731395,-1.02954,-0.015625,0.0732422
2735353,-0.929443,0.0231934,0.135742
2739263,-0.876465,-0.00097656,0.155762
2743179,-1.00146,-0.00097656,0.155762
2747133,-0.968506,0.123291,0.171143
2751091,-0.968506,0.28125,0.115967
2755005,-0.930664,0.28125,0.115967
2758908,-1.052,-0.251465,0.0151367
2762861,-1.052,0.148682,0.0371094
2766793,-0.91333,0.148682,0.0371094
2770833,-1.00977,0.0307617,0.0568848
2774724,-1.00977,-0.00756836,0.0144043
2778622,-0.984131,-0.00756836,0.0144043
2782591,-0.962158,-0.0246582,-0.0214844
2786553,-0.962158,-0.0253906,0.229248
2790433,-0.809326,-0.0878906,0.229248
2794415,-1.43994,-0.106445,-1.03052
2798330,-1.43994,-0.107422,0.45166
2802262,-0.562256,0.0800781,0.45166
2806181,-1.41016,-0.0336914,-0.136475
2810117,-1.41016,-0.0429688,0.924561
2814038,-0.496582,0.207031,0.924561
2817929,-1.1499,0.116455,0.0444336
2821897,-1.1499,0.116455,0.212891
2825789,-1.04272,0.126709,0.212891
2829735,-0.742676,0.0737305,0.769287
2833672,-0.742676,0.0737305,0.161133
2837591,-1.12842,-0.00292969,0.161133
2841572,-0.772217,0.276855,0.284912
2845489,-0.772217,0.276855,0.294189
2849414,-1.24829,0.0908203,-0.580811
2853340,-1.23682,0.193848,0.142334
2857286,-0.736816,0.193848,0.154785
2861246,-1.04761,0.0263672,-0.282715
2865178,-1.0127,0.0378418,-0.440674
2869092,-1.0127,0.0378418,-0.464111
2873025,-0.948975,0.365723,-0.339111
2876972,-0.970703,0.134033,-0.181152
2880958,-1.0957,0.134033,-0.181152
2884929,-0.735107,0.0847168,0.444336
2888797,-0.735107,0.0490723,-0.045166
2892768,-1.12695,0.0490723,-0.045166
2896694,-0.883545,0.260986,0.330566
2900623,-0.883545,0.377441,0.453857
2904544,-0.970703,0.377441,0.453857
2908481,-0.930664,-0.0761719,0.621582
2912382,-0.930664,0.203613,0.3479
2916350,-0.859863,0.203613,0.3479
2920253,-1.11963,0.240967,-0.027832
2924204,-1.11963,0.222412,0.272705
2928138,-0.837158,0.222412,0.272705
2932032,-1.00537,0.0805664,-0.048584
2935993,-1.00537,0.0805664,-0.176025
2939933,-0.962891,0.0805664,-0.176025
2943846,-0.969238,0.314453,-0.438721
2947830,-0.969238,0.314453,-0.220215
2951719,-1.03125,0.107666,-0.220215
2955692,-0.86499,0.144043,-0.0427246
2959630,-0.86499,0.144043,-0.188232
2963551,-1.03735,0.261963,-0.188232
2967493,-0.981934,0.150879,0.00830078
2971416,-0.981934,0.150879,0.17627
2975369,-0.90625,0.353271,0.17627
2979292,-0.948242,0.136719,0.432617
2983255,-0.948242,0.136719,0.40918
2987165,-0.88623,0.180176,0.34668
2991198,-0.97168,0.265381,0.245361
2995171,-0.97168,0.265381,0.192627
2999062,-0.957275,0.205078,0.317627
3003041,-0.940186,0.427246,0.285889
3006975,-0.877686,0.427246,0.266846
3010881,-0.95874,0.064209,0.141846
3014855,-0.938477,0.173828,-0.169434
3018844,-0.938477,0.173828,-0.169434
3022790,-0.965088,0.434082,-0.178467
3026748,-0.983887,0.294678,-0.0681152
3030685,-0.983887,0.294678,-0.0681152
3034706,-0.854492,0.200439,-0.121338
3038654,-0.834717,0.175781,-0.237305
3042622,-1.02222,0.175781,-0.237305
3046558,-0.936035,0.317383,-0.126709
3050471,-0.936035,0.345703,0.200195
3054384,-0.918945,0.345703,0.200195
3058341,-0.956055,0.150879,0.208008
3062271,-0.956055,0.353027,0.153809
3066184,-0.904541,0.353027,0.153809
3070127,-1.01587,0.288818,0.233643
3074022,-1.01587,0.263672,0.401855
3077965,-0.852295,0.263672,0.401855
3081942,-0.912598,0.308594,0.270264
3085901,-0.912598,0.257812,0.0705566
3089784,-0.974854,0.195312,0.0705566
3093743,-0.854736,0.398682,0.0266113
3097644,-0.854736,0.430176,0.0249023
3101575,-0.973633,0.180176,0.0249023
3105534,-0.888184,0.334961,-0.0708008
3109480,-0.888184,0.334961,-0.172363
3113444,-0.965088,0.253906,-0.172363
3117368,-0.984131,0.188477,-0.147705
3121313,-0.984131,0.188477,-0.0205078
3125244,-0.859375,0.412354,-0.0205078
3129200,-0.996338,0.345947,0.00927734
3133209,-0.996338,0.345947,0.0534668
3137098,-0.86499,0.298584,0.0534668
3141043,-0.92749,0.391846,0.114502
3145026,-0.92749,0.391846,0.220459
3148974,-0.927734,0.346191,0.220459
3152908,-0.848877,0.687012,0.294434
3156883,-0.848877,0.687012,0.296143
3160803,-0.945557,0.204834,0.233643
3164735,-0.979248,0.448242,0.117432
3168693,-0.854248,0.448242,0.105225
3172624,-0.945557,0.501709,0.105225
3176574,-0.975586,0.420898,0.173584
3180529,-0.913086,0.420898,0.173584
3184490,-0.849365,0.323242,0.0427246
3188411,-0.863037,0.194092,-0.128662
3192358,-0.988037,0.194092,-0.128662
3196291,-0.860107,0.407227,-0.112793
3200186,-0.860107,0.24707,0.0544434
3204103,-0.965332,0.24707,0.0544434
3208071,-0.814697,0.148682,0.0361328
3211992,-0.814697,0.29126,-0.108154
3215965,-0.967285,0.29126,-0.108154
3219866,-0.916504,0.313477,0.0715332
3223834,-0.916504,0.35498,0.187744
3227740,-0.869141,0.35498,0.187744
3231677,-0.912354,0.344727,0.138672
3235579,-0.912354,0.330566,0.140625
3239510,-0.862793,0.268066,0.140625
3243487,-0.908691,0.630615,0.104736
3247427,-0.908691,0.663574,0.217529
3251335,-0.880615,0.413574,0.217529
3255346,-0.796875,0.649902,0.0627441
3259258,-0.796875,0.649902,0.0102539
3263238,-0.919189,0.482178,0.0102539
3267186,-0.825195,0.37793,0.0795898
3271068,-0.825195,0.37793,0.012207
3275006,-0.863281,0.667725,0.012207
3278917,-0.920166,0.48877,-0.0158691
3282930,-0.920166,0.48877,-0.0385742
3286839,-0.818848,0.418945,-0.0385742
3290755,-0.912842,0.424561,-0.020752
3294690,-0.912842,0.424561,-0.0480957
3298689,-0.834961,0.469482,0.0769043
3302638,-0.90918,0.752197,0.0578613
3306549,-0.90918,0.752197,0.0288086
3310477,-0.873047,0.280029,0.153809
3314436,-0.858154,0.467041,0.0786133
3318412,-0.795654,0.467041,0.0842285
3322312,-0.93335,0.544678,0.0842285
3326251,-0.934326,0.556885,0.253418
3330192,-0.809326,0.556885,0.253418
3334121,-0.8396,0.428711,0.155762
3338051,-0.870605,0.287354,0.0319824
3341992,-0.870605,0.287354,0.0319824
3345924,-0.865967,0.629639,-0.0280762
3349898,-0.865967,0.450684,0.156738
3353841,-0.889893,0.450684,0.156738
3357772,-0.730469,0.34082,0.102295
3361754,-0.730469,0.469971,-0.134766
3365748,-0.957764,0.469971,-0.134766
3369665,-0.824707,0.370361,0.0324707
3373600,-0.824707,0.544189,0.0263672
3377538,-0.858887,0.544189,0.0263672
3381441,-0.874023,0.526123,0.03125
3385382,-0.874023,0.555176,0.0974121
3389294,-0.765869,0.305176,0.0974121
3393268,-0.842529,0.477783,0.0615234
3397205,-0.842529,0.457275,0.145996
3401123,-0.84668,0.394775,0.145996
3405086,-0.801025,0.726562,0.0710449
3408983,-0.801025,0.734375,0.153809
3412956,-0.881836,0.359375,0.153809
3416900,-0.754639,0.527344,0.137695
3420841,-0.754639,0.527344,0.0290527
3424745,-0.871338,0.658203,0.0290527
3428722,-0.848389,0.637939,0.0629883
3432659,-0.848389,0.637939,0.0703125
3436623,-0.735107,0.47583,0.0703125
3440519,-0.842285,0.490967,0.0112305
3444492,-0.842285,0.490967,0.00366211
3448414,-0.782227,0.645996,0.00366211
3452369,-0.846924,0.79126,0.0275879
3456250,-0.846924,0.79126,0.0305176
3460194,-0.795654,0.431396,0.0930176
3464174,-0.7854,0.499512,0.0227051
3468044,-0.7229,0.499512,0.0454102
3472006,-0.868408,0.62915,-0.0170898
3476023,-0.827637,0.584961,0.163086
3479944,-0.765137,0.584961,0.151367
3483888,-0.767822,0.543701,0.151367
3487820,-0.80249,0.319092,0.0854492
3491776,-0.80249,0.319092,0.0854492
3495671,-0.800293,0.634521,0.0270996
3499632,-0.800293,0.625244,0.130127
3503572,-0.841797,0.625244,0.130127
3507499,-0.700684,0.526123,0.147705
3511391,-0.700684,0.643311,0.00439453
3515294,-0.820557,0.643311,0.00439453
3519223,-0.776611,0.58374,0.0219727
3523159,-0.776611,0.577881,0.0290527
3527145,-0.755859,0.765381,0.0290527
3531065,-0.756592,0.677002,0.0539551
3534980,-0.756592,0.675781,0.0354004
3538897,-0.721924,0.550781,0.0354004
3542820,-0.75,0.754883,0.0251465
3546743,-0.75,0.771729,0.0532227
3550676,-0.795166,0.646729,0.0532227
3554607,-0.762939,0.804932,0.0488281
3558546,-0.762939,0.804932,0.121094
3562472,-0.755615,0.499023,0.121094
3566408,-0.697998,0.561279,0.12207
3570368,-0.697998,0.561279,0.0378418
3574317,-0.797852,0.67627,0.0378418
3578270,-0.826904,0.678223,0.0603027
3582210,-0.826904,0.678223,0.0332031
3586210,-0.678223,0.766357,0.345703
3590107,-1.00977,0.00878906,-0.833252
3594048,-1.00977,0.00878906,-0.874268
3598001,-0.496826,0.764893,0.188232
3601943,-0.454834,0.733154,-0.0334473
3605916,-0.954834,0.733154,-0.0529785
3609826,-0.483398,0.422363,0.759521
3613813,-0.491699,0.794434,0.241943
3617734,-0.679199,0.794434,0.217041
3621646,-0.950195,0.481445,-0.220459
3625585,-0.947754,0.791504,0.712646
3629521,-0.572754,0.791504,0.712646
3633485,-0.685059,0.739502,0.401123
3637431,-0.685059,0.513428,0.0925293
3641341,-0.778809,0.513428,0.0925293
3645269,-0.654053,0.882812,-0.155762
3649210,-0.654053,0.730713,-0.424072
3653141,-0.907471,0.730713,-0.424072
3657086,-0.564941,0.669922,-0.0102539
3661056,-0.564941,0.714844,-0.210449
3664947,-0.703125,0.714844,-0.210449
3668894,-0.75415,0.601318,-0.281006
3672813,-0.75415,0.622314,-0.104492
3676786,-0.661621,0.872314,-0.104492
3680718,-0.738525,0.585449,-0.0473633
3684659,-0.738525,0.569824,0.289307
3688604,-0.592529,0.632324,0.289307
3692527,-0.659424,0.811523,0.312744
3696540,-0.659424,0.793213,0.259766
3700478,-0.729492,0.605713,0.259766
3704434,-0.645752,0.947754,0.252197
3708367,-0.645752,0.947754,0.262451
3712272,-0.727295,0.518555,0.262451
3716233,-0.575684,0.788818,0.294189
3720209,-0.575684,0.788818,0.0246582
3724113,-0.72876,0.832764,0.0246582
3728068,-0.687988,0.718262,-0.0969238
3732018,-0.687988,0.718262,-0.0964355
3735993,-0.623047,0.699219,-0.0964355
3739932,-0.69873,0.571777,-0.123291
3743889,-0.69873,0.571777,-0.0732422
3747817,-0.60376,0.791748,-0.135742
3751759,-0.735107,0.855469,-0.115234
3755717,-0.735107,0.855469,-0.0690918
3759640,-0.603027,0.506348,-0.0065918
3763568,-0.601318,0.732666,0.0114746
3767503,-0.663818,0.732666,0.0498047
3771439,-0.671875,0.746094,0.174805
3775362,-0.670654,0.945557,0.233887
3779323,-0.670654,0.945557,0.233887
3783259,-0.616943,0.819092,0.226318
3787217,-0.616943,0.537598,0.186035
3791120,-0.602783,0.537598,0.186035
3795099,-0.593506,0.932861,0.166016
3798999,-0.593506,0.681885,0.192139
3802983,-0.636719,0.681885,0.192139
3806982,-0.574707,0.872803,0.0209961
3810899,-0.574707,0.767578,-0.0385742
3814836,-0.674316,0.767578,-0.0385742
3818804,-0.558105,0.607666,0.0178223
3822723,-0.558105,0.908447,-0.11377
3826659,-0.663574,0.908447,-0.11377
3830604,-0.647705,0.696777,-0.0297852
3834564,-0.647705,0.687744,0.00366211
3838466,-0.554688,0.687744,0.00366211
3842394,-0.673096,0.709473,0.00830078
3846317,-0.673096,0.742432,0.123535
3850248,-0.58374,0.679932,0.123535
3854227,-0.641846,0.955811,0.0756836
3858146,-0.641846,0.955811,0.213623
3862078,-0.592041,0.556396,0.213623
3865979,-0.526611,0.782715,0.178223
3869918,-0.526611,0.782715,0.0759277
3873849,-0.62085,0.894043,0.0759277
3877811,-0.572754,0.832031,0.126709
3881709,-0.572754,0.832031,0.134766
3885746,-0.47876,0.777588,0.134766
3889738,-0.598389,0.762939,0.0234375
3893688,-0.598389,0.762939,-0.0334473
3897630,-0.567627,0.849609,-0.0334473
3901588,-0.635498,0.991943,-0.0197754
3905550,-0.635498,0.991943,-0.027832
3909484,-0.496582,0.612061,0.034668
3913433,-0.445068,0.830566,-0.0593262
3917361,-0.570068,0.830566,-0.0202637
3921283,-0.541992,0.724609,0.0422363
3925217,-0.532471,0.992188,0.0627441
3929159,-0.532471,0.992188,0.0646973
3933078,-0.560059,0.77124,0.0646973
3937039,-0.533691,0.7146,0.136475
3940939,-0.533691,0.7146,0.136475
3944905,-0.513672,1.04346,0.106689
3948824,-0.513672,0.780273,0.125244
3952778,-0.591797,0.780273,0.125244
3956706,-0.422607,0.999512,0.108154
3960613,-0.422607,0.753174,0.017334
3964580,-0.596924,0.753174,0.017334
3968504,-0.45166,0.902832,0.105713
3972408,-0.45166,1.03882,0.0109863
3976327,-0.5354,1.03882,0.0109863
3980277,-0.515137,0.896484,-0.0078125
3984225,-0.515137,0.887695,0.0349121
3988158,-0.447754,0.700195,0.0349121
3992099,-0.525879,0.801514,0.0437012
3996102,-0.525879,0.780518,0.0446777
4000006,-0.523926,0.780518,0.0446777
4003935,-0.516357,1.0813,-0.00488281
4007852,-0.516357,1.08228,0.150635
4011803,-0.451172,0.519775,0.150635
4015733,-0.443359,0.90332,0.0793457
4019667,-0.443359,0.90332,0.0532227
4023593,-0.551758,0.888184,0.0532227
4027525,-0.508545,1.05542,0.116943
4031452,-0.508545,1.05542,0.104248
4035389,-0.412598,0.7854,0.104248
4039330,-0.490479,0.796631,0.0209961
4043271,-0.490479,0.796631,0.0471191
4047188,-0.435303,0.942871,0.0471191
4051108,-0.388184,1.01514,0.0603027
4055022,-0.513184,1.01514,0.00488281
4058949,-0.455078,0.79248,0.0673828
4062894,-0.458496,0.869385,0.00708008
4066862,-0.458496,0.869385,0.00708008
4070784,-0.466064,0.844238,0.0212402
4074733,-0.459473,0.996582,0.0849609
4078673,-0.459473,0.996582,0.0849609
4082575,-0.426514,0.88501,0.0957031
4086506,-0.426514,0.663818,0.0800781
4090454,-0.479736,0.663818,0.0800781
4094389,-0.37915,1.01709,0.102783
4098333,-0.37915,0.81543,0.0671387
4102269,-0.494141,0.81543,0.0671387
4106283,-0.376465,0.99292,0.0395508
4110267,-0.376465,0.519287,0.119385
4114196,-0.42627,0.519287,0.119385
4118123,-0.38501,0.749023,0.12207
4122062,-0.38501,0.688721,0.00585938
4125996,-0.490967,1.06372,0.00585938
4129924,-0.454102,0.984131,0.0363769
4133840,-0.454102,0.978516,0.079834
4137779,-0.381348,0.728516,0.079834
4141718,-0.433105,0.908691,0.0900879
4145655,-0.433105,0.914795,0.0563965
4149600,-0.379395,0.914795,0.0563965
4153522,-0.437988,1.19507,-0.00366211
4157455,-0.437988,1.19507,0.174316
4161387,-0.294678,0.606201,0.174316
4165306,-0.335205,1.05762,0.00927734
4169235,-0.335205,1.05762,0.0322266
4173147,-0.420654,1.00073,0.0322266
4177091,-0.34375,1.07861,0.0305176
4180998,-0.34375,1.07861,0.00439453
4184892,-0.359619,0.927734,0.00439453
4188858,-0.328125,0.927979,0.0358887
4192841,-0.390625,0.927979,0.0290527
4196741,-0.349609,1.21558,0.0290527
4200680,-0.322021,1.18506,0.0175781
4204583,-0.447021,1.18506,0.0175781
4208519,-0.24707,0.851807,0.107422
4212333,-0.240967,1.02075,0
4216280,-0.365967,1.02075,0
4220214,-0.272949,0.938477,0.160645
4224146,-0.272949,1.14551,0.0671387
4228080,-0.344727,1.14551,0.0671387
4232018,-0.398193,1.06982,0.050293
4235975,-0.398193,0.640625,0.115723
4239865,-0.27124,0.640625,0.115723
4243787,-0.33374,1.05762,0.0339356
4247722,-0.33374,1.0542,0.0529785
4251679,-0.358643,0.866699,0.0529785
4255607,-0.360352,1.12866,0.0356445
4259534,-0.360352,1.17505,0.0949707
4263456,-0.300537,0.800049,0.0949707
4267387,-0.31665,0.692139,0.0151367
4271307,-0.31665,0.692139,0.0170898
4275211,-0.337158,1.04736,0.0170898
4279158,-0.326416,0.871094,0.127441
4283092,-0.326416,0.871094,-0.0368652
4286987,-0.374512,1.26025,-0.0368652
4290922,-0.283203,0.751221,0.14502
4294804,-0.283203,0.751221,0.182129
4298739,-0.231445,0.931396,0.119629
4302678,-0.234375,1.21509,-0.0263672
4306598,-0.359375,1.21509,-0.0305176
4310563,-0.250488,0.920166,0.156982
4314455,-0.30249,1.06836,0.0861816
4318397,-0.17749,1.06836,0.112549
4322316,-0.353271,0.751221,-0.0124512
4326315,-0.3479,0.975586,0.144531
4330254,-0.2229,0.975586,0.144531
4334182,-0.355713,1.2439,0.0205078
4338107,-0.355713,1.11255,0.00097656
4342061,-0.400879,1.11255,0.00097656
4345967,-0.147461,0.967773,0.111816
4349890,-0.147461,0.842529,0.0249023
4353861,-0.262451,0.842529,0.0249023
4357799,-0.22998,0.965332,0.0288086
4361720,-0.22998,1.16064,0.0551758
4365657,-0.225586,1.16064,0.0551758
4369558,-0.303223,1.00464,0.0458984
4373476,-0.303223,1.03638,0.100098
4377409,-0.174316,0.911377,0.100098
4381365,-0.258545,0.839844,0.0866699
4385310,-0.258545,0.817383,0.0444336
4389265,-0.258545,1.12988,0.0444336
4393192,-0.270752,1.23926,0.0153809
4397099,-0.270752,1.23926,0.0695801
4401053,-0.258301,1.08008,0.0695801
4404977,-0.157471,1.01416,0.0612793
4408877,-0.157471,1.01416,0.0864258
4412811,-0.207275,0.759277,0.0864258
4416726,-0.190186,1.00903,0.0371094
4420592,-0.190186,1.00903,0
4424448,-0.273193,1.25415,0
4428400,-0.287598,0.940674,0.0622559
4432341,-0.287598,0.940674,0.0351562
4436345,-0.149902,1.04639,0.0976562
4440265,-0.175537,0.821533,0.0439453
4444110,-0.238037,0.821533,0
4447998,-0.197754,1.0769,0.0625
4451936,-0.197754,1.28149,0.0397949
4455865,-0.255371,1.28149,0.0397949
4459810,-0.260498,0.986572,0.0859375
4463741,-0.260498,1.22046,0.0458984
4467699,-0.194336,1.22046,0.0458984
4471638,-0.143555,0.666504,0.115234
4475549,-0.143555,0.881348,0.0461426
4479478,-0.165527,0.881348,0.0461426
4483424,-0.236572,1.15454,0.0349121
4487342,-0.236572,1.17188,0.0681152
4491239,-0.262939,1.17188,0.0681152
4495163,-0.238281,1.22656,0.0566406
4499104,-0.238281,1.22998,0.100342
4503056,-0.140137,0.97998,0.100342
4506972,-0.0891113,0.701416,0.0517578
4510879,-0.0891113,0.701416,0.0480957
4514815,-0.132812,0.906982,0.0480957
4518729,-0.200439,0.889404,0.0571289
4522685,-0.200439,0.889404,0.0266113
4526608,-0.244629,1.28027,0.0266113
4530568,-0.273926,1.0542,0.0979004
4534520,-0.273926,1.0542,0.097168
4538464,-0.105713,0.995605,0.097168
4542392,-0.132568,0.781982,0.0239258
4546366,-0.132568,0.781982,0.0178223
4550290,-0.125,0.772949,0.0803223
4554212,-0.113037,1.31909,0.0319824
4558142,-0.175537,1.31909,0.00756836
4562071,-0.243652,1.28467,0.0700684
4565998,-0.199707,1.23096,0.0791016
4569913,-0.199707,1.23096,0.0791016
4573843,-0.105225,1.125,0.0654297
4577782,-0.0727539,0.793213,0.0861816
4581725,-0.0727539,0.793213,0.0861816
4585666,-0.0942383,1.16357,0.0366211
4589540,-0.0942383,1.07812,0.0595703
4593508,-0.152344,1.07812,0.0595703
4597441,-0.184814,1.13965,0.0427246
4601340,-0.184814,1.18433,0.0708008
4605266,-0.166504,1.18433,0.0708008
4609170,-0.126953,0.861816,0.0793457
4613135,-0.126953,0.843018,0.0258789
4617045,-0.102051,0.968018,0.0258789
4621015,-0.0966797,0.771729,0.0712891
4624968,-0.0966797,0.764648,0.0290527
4628893,-0.101074,0.952148,0.0290527
4632802,-0.202393,1.14185,0.0244141
4636701,-0.202393,1.14624,0.115479
4640612,-0.150391,1.02124,0.115479
4644530,-0.154785,1.23364,0.029541
4648470,-0.154785,1.23364,0.0534668
4652407,-0.110596,0.929932,0.0534668
4656415,-0.0163574,0.89502,0.0932617
4660364,-0.0163574,0.89502,0.0585938
4664319,-0.0556641,0.997559,0.0585938
4668253,-0.119385,1.00879,0.0610352
4672196,-0.119385,1.00879,0.0576172
4676121,-0.131836,1.28076,0.0576172
4680014,-0.185303,1.20581,0.0471191
4683943,-0.185303,1.20581,0.013916
4687883,-0.136719,1.20508,0.013916
4691786,-0.182129,1.16309,0.0563965
4695704,-0.0571289,1.16309,0.0598144
4699642,-0.0544434,0.971924,0.0598144
4703642,-0.0151367,0.995361,0.0534668
4707636,-0.0151367,0.995361,0.0534668
4711560,-0.0595703,0.822754,0.0715332
4715483,-0.0400391,0.873047,0.0432129
4719417,-0.102539,0.873047,0.0432129
4723351,-0.133789,1.04688,0.0588379
4727290,-0.133789,0.999512,0.0837402
4731217,-0.173828,0.999512,0.0837402
4735183,-0.181641,1.26929,0.0358887
4739104,-0.181641,0.979004,0.0969238
4743039,-0.0686035,0.979004,0.0969238
4746999,-0.0493164,0.952148,0.0361328
4750916,-0.0493164,0.942627,0.0397949
4754844,-0.0258789,1.13013,0.0397949
4758828,-0.0119629,0.872803,0.0991211
4762751,-0.0119629,0.829834,0.0473633
4766651,-0.109375,1.20483,0.0473633
4770585,-0.124512,1.04858,0.0917969
4774547,-0.124512,1.05835,0.0361328
4778439,-0.112549,1.12085,0.0361328
4782359,-0.12207,1.17773,0.0410156
4786273,-0.12207,1.17773,0.0593262
4790207,-0.0698242,0.964844,0.0593262
4794146,-0.0319824,1.13501,0.0522461
4798059,-0.0319824,1.13501,0.0717773
4801982,-0.0620117,0.903564,0.0717773
4805927,-0.0410156,1.12866,0.0432129
4809814,-0.0410156,1.12866,0.0419922
4813791,-0.0361328,1.13721,0.0419922
4817737,-0.0463867,0.864258,0.0742188
4821681,-0.0463867,0.864258,0.0639648
4825620,-0.0388184,0.90625,0.0639648
4829578,-0.0593262,0.804688,0.0996094
4833519,-0.0593262,0.804688,0.106934
4837442,-0.116211,0.95874,0.0444336
4841349,-0.124023,1.18213,0.0566406
4845266,-0.124023,1.18213,0.0566406
4849179,-0.11084,1.00171,0.0695801
4853130,-0.11084,1.3728,0.0231934
4857025,-0.0722656,1.3728,0.0231934
4860944,-0.0195312,1.10327,0.0788574
4864873,-0.0195312,1.13989,0.0466309
4868832,0.0183105,1.13989,0.0466309
4872770,0.0344238,1.16797,0.0432129
4876653,0.0344238,1.13232,0.0839844
4880596,0.0573731,1.00732,0.0839844
4884488,-0.00390625,1.23047,0.0405273
4888387,-0.00390625,1.20312,0.0939941
4892365,-0.0231934,0.890625,0.0939941
4896254,-0.0539551,1.1145,0.0405273
4900213,-0.0539551,1.1145,0.0498047
4904096,-0.079834,1.07471,0.0498047
4908063,-0.0727539,0.98999,0.0522461
4911981,-0.0727539,0.98999,0.0539551
4915916,-0.0363769,1.10718,0.0539551
4919821,-0.0595703,0.87207,0.0622559
4923850,-0.0595703,0.87207,0.0419922
4927743,-0.00708008,1.09229,0.0419922
4931665,-0.032959,1.052,0.0427246
4935590,-0.032959,1.052,0.0612793
4939531,-0.0214844,0.960693,0.0612793
4943468,-0.050293,1.15063,0.0258789
4947380,-0.050293,1.15063,0.0429688
4951335,-0.0244141,0.976318,0.105469
4955258,-0.0339356,1.0415,0.0617676
4959186,-0.0339356,1.0415,0.0617676
4963113,-0.0427246,1.16235,0.0478516
4967031,-0.0148926,0.895996,0.0776367
4970983,-0.0148926,0.895996,0.0776367
4974903,-0.0336914,1.12695,0.0268555
4978842,-0.0336914,0.886719,0.0654297
4982813,-0.0615234,0.886719,0.0654297
4986761,-0.0397949,0.979492,0.0722656
4990701,-0.0397949,1.13599,0.032959
4994676,-0.0522461,1.13599,0.032959
4998589,-0.0568848,0.920898,0.0405273
5002510,-0.0568848,1.17578,0.0546875
5006427,-0.00097656,1.17578,0.0546875
5010381,-0.0327148,0.994873,0.0634766
5014292,-0.0327148,0.97583,0.0529785
5018257,-0.0161133,1.03833,0.0529785
5022146,0.00488281,1.13159,0.0810547
5026025,0.00488281,1.15649,0.0703125
5029967,-0.0144043,0.968994,0.0703125
5033958,-0.0146484,1.18945,0.0322266
5037892,-0.0146484,1.18945,0.0917969
5041821,0.0168457,1.0188,0.0917969
5045720,-0.0393066,0.94873,0.0366211
5049647,-0.0393066,0.94873,0.0820312
5053565,0.019043,1.09546,0.0820312
5057509,-0.0341797,0.897217,0.0583496
5061482,-0.0341797,0.897217,0.0185547
5065417,-0.0585938,1.27832,0.0185547
5069353,-0.0236816,1.0376,0.0788574
5073281,-0.0236816,1.0376,0.101318
5077241,-0.0214844,1.08496,0.0388184
5081169,-0.0454102,1.18408,0.0549316
5085045,0.0170898,1.18408,0.026123
5088962,0.0549316,0.950195,0.088623
5092889,0.0375977,1.16162,0.0498047
5096817,0.0375977,1.16162,0.0498047
5100745,0.00805664,1.0354,0.0625
5104646,0.00805664,1.05469,0.0559082
5108591,-0.017334,1.05469,0.0559082
5112471,0.0144043,1.14331,0.0793457
5116441,0.0144043,0.97998,0.0522461
5120349,-0.0327148,0.97998,0.0522461
5124326,0.00219727,0.992188,0.0563965
5128215,0.00219727,0.969482,0.0817871
5132120,0.0495606,1.03198,0.0817871
5136067,-0.0439453,0.880859,0.00463867
5139996,-0.0439453,0.905762,0.0803223
5143968,0.019043,0.968262,0.0803223
5147938,-0.0163574,1.01733,0.0710449
5151845,-0.0163574,1.01147,0.0297852
5155754,-0.0644531,1.01147,0.0297852
5159666,-0.0200195,1.13062,0.0771484
5163560,-0.0200195,1.13062,0.067627
5167536,-0.0268555,1.05835,0.067627
5171453,-0.017334,1.11328,0.0375977
5175345,-0.017334,1.11328,0.0632324
5179245,0.00244141,1.09985,0.0632324
5183158,0.0231934,1.03638,0.078125
5187093,0.0231934,1.03638,0.0979004
5191014,-0.00488281,1.10303,0.0354004
5194909,-0.059082,1.0083,0.0617676
5198842,0.00341797,1.0083,0.00317383
5202776,0.00830078,1.00586,0.0656738
5206678,0.0444336,0.984863,0.0415039
5210606,-0.0180664,0.984863,0.0415039
5214541,-0.0141602,0.951172,0.0737305
5218473,-0.0141602,1.00244,0.0632324
5222382,-0.0209961,1.00244,0.0632324
5226281,-0.0336914,0.971436,0.0444336
5230183,-0.0336914,1.00366,0.0703125
5234132,-0.0065918,1.00366,0.0703125
5238012,-0.0090332,1,0.0678711
5241962,-0.0090332,1.05664,0.0605469
5245846,-0.0012207,0.994141,0.0605469
5249761,0.0119629,1.02295,0.0644531
5253772,0.0119629,1.02222,0.0480957
5257664,-0.00146484,1.02222,0.0480957
5261580,-0.00292969,1.03003,0.0556641
5265470,-0.00292969,1.03003,0.0537109
5269405,0.00292969,1.02979,0.0537109
5273320,0.00512695,1.02759,0.0605469
5277230,0.00512695,1.02759,0.0532227
5281123,-0.00097656,1.01294,0.0532227
5285051,0.00244141,1.01465,0.0544434
5288926,0.00244141,1.01465,0.059082
5292845,-0.00170898,1.01807,0.059082
5296749,-0.00366211,1.0188,0.0605469
5300694,-0.00366211,1.0188,0.0598144
5304605,0.00390625,1.01001,0.0598144
5308507,0.0559082,1.00537,0.0666504
5312398,-0.0065918,1.00537,0.0666504
5316335,0.00390625,1.00928,0.0588379
5320219,0.00390625,1.01489,0.0595703
5324176,0.00756836,1.01489,0.0595703
5328073,0.00463867,1.01807,0.0539551
5331948,0.00463867,1.02637,0.060791
5335865,0.0065918,1.02637,0.060791
5339765,0.00195313,1.03174,0.0600586
5343691,0.00195313,1.03247,0.0490723
5347605,-0.00146484,1.03247,0.0490723
5351512,0.00366211,1.01514,0.0539551
5355403,0.00366211,1.01221,0.0544434
5359266,0.00048828,1.01221,0.0544434
5363241,0.00024414,1.01147,0.0644531
5367148,0.00024414,1.01147,0.0683594
5371062,0.00488281,1.00635,0.0683594
5374964,-0.0012207,1.01221,0.067627
5378890,-0.0012207,1.01221,0.0639648
5382814,-0.00219727,1.00806,0.0639648
5386735,-0.00146484,1.00977,0.0622559
5390619,-0.00146484,1.00977,0.0568848
5394535,-0.00195313,1.00098,0.0568848
5398433,-0.00463867,1,0.0571289
5402356,-0.00463867,1,0.0571289
5406263,-0.00830078,0.988281,0.0581055
5410175,-0.00561523,0.993164,0.0524902
5414134,-0.00561523,0.993164,0.0524902
5418051,0.00146484,0.998779,0.0554199
5421960,0.00146484,0.995605,0.0524902
5425876,-0.00244141,0.995605,0.0524902
5429781,-0.0090332,1.00073,0.0615234
5433715,-0.0090332,0.999512,0.064209
5437643,-0.00488281,0.999512,0.064209
5441572,-0.0078125,0.996582,0.0561523
5445489,-0.0078125,0.997559,0.0629883
5449438,-0.00683594,0.997559,0.0629883
5453391,-0.00927734,0.999268,0.0573731
5457322,-0.00927734,0.998291,0.0573731
5461244,-0.00561523,0.998291,0.0573731
5465169,-0.0090332,0.998291,0.0578613
5469105,-0.0090332,0.998291,0.0563965
5473107,-0.00170898,0.996826,0.0563965
5477018,-0.00024414,1.00439,0.0537109
5480923,-0.00024414,1.00439,0.0532227
5484814,0.00097656,1.00122,0.0532227
5488730,-0.00268555,1.00293,0.0546875
5492642,-0.00268555,1.00293,0.0615234
5496543,-0.00390625,1.00464,0.0615234
5500455,-0.00537109,1.00464,0.0603027
5504391,-0.00537109,1.00464,0.0603027
5508283,-0.00195313,0.997559,0.0603027
5512231,-0.00146484,0.998779,0.0634766
5516171,-0.00146484,0.998779,0.122559
5520073,-0.00146484,1.0061,0.0600586
5523995,-0.0595703,1.01465,0.0541992
5527938,0.00292969,1.01465,0.0541992
5531820,0.00146484,1.00903,0.0585938
5535742,0.00146484,1.01343,0.0559082
5539621,0.00024414,1.01343,0.0559082
5543542,-0.00292969,1.01001,0.0549316
5547450,-0.00292969,1.00244,0.0551758
5551417,-0.0012207,1.00244,0.0551758
5555373,0.00268555,1.00659,0.0595703
5559282,0.00268555,1.00806,0.0554199
5563186,0.00073242,1.00806,0.0554199
5567100,-0.00146484,1.00635,0.0600586
5571007,-0.00146484,1.00708,0.0598144
5574935,-0.00146484,1.00708,0.0598144
5578831,-0.0012207,1.00708,0.0598144
5582711,-0.0012207,1.00708,0.0598144
5586641,0.00195313,1.00366,0.0598144
5590549,0.00463867,1.01074,0.0622559
5594449,0.00463867,1.01074,0.0544434
5598366,0.00195313,1.01343,0.0544434
5602262,0.00463867,1.00879,0.0581055
5606187,0.00463867,1.00879,0.0568848
5610089,0.00024414,1.0166,0.0568848
5613959,0.00195313,1.01123,0.0600586
5617850,0.00195313,1.01123,0.0600586
5621768,0.00512695,1.00171,0.0563965
5625655,0.00512695,1.00903,0.0603027
5629561,0.00073242,1.00903,0.0603027
5633472,0.00195313,1.01221,0.0595703
5637365,0.00195313,1.00464,0.0634766
5641265,0.00244141,1.00464,0.0634766
5645182,-0.00292969,1.01636,0.0554199
5649098,-0.00292969,1.0105,0.0600586
5653002,-0.00024414,1.0105,0.0600586
5656910,-0.0012207,1.00488,0.0603027
5660880,-0.0012207,1.06006,0.0603027
5664799,-0.00244141,0.997559,0.0603027
5668732,-0.00097656,0.994385,0.0573731
5672686,-0.00097656,0.994385,0.0461426
5676587,-0.00610352,0.987549,0.0461426
5680515,-0.00097656,0.994141,0.0585938
5684447,-0.00097656,0.994141,0.0515137
5688378,-0.00561523,0.991943,0.0515137
5692279,-0.00756836,1.00122,0.0600586
5696188,-0.00756836,1.00122,0.0566406
5700101,-0.00390625,1.00879,0.0566406
5703974,-0.00024414,1.00537,0.0588379
5707910,-0.00024414,1.00537,0.0603027
5711765,0.00366211,1.00122,0.0603027
5715708,0.0561523,1.00586,0.0551758
5719616,-0.00634766,1.00586,0.0551758
5723522,0.00097656,0.997803,0.0595703
5727454,0.00097656,1.00171,0.0539551
5731364,-0.00488281,1.00171,0.0539551
5735281,-0.00585938,1.00488,0.0515137
5739203,-0.00585938,0.997314,0.0559082
5743140,-0.00854492,0.997314,0.0559082
5747090,-0.0126953,0.996582,0.0524902
5750982,-0.0126953,0.94165,0.0524902
5754887,-0.00561523,1.00415,0.0524902
5758806,-0.0102539,0.994385,0.0559082
5762740,-0.0102539,0.998291,0.0627441
5766677,-0.0078125,0.998291,0.0627441
5770651,-0.00537109,1.00366,0.0629883
5774565,-0.00537109,1.00366,0.0598144
5778499,-0.00097656,0.997559,0.0598144
5782430,-0.00097656,0.999512,0.0600586
5786352,-0.00097656,0.999512,0.0515137
5790266,0.00195313,1.00342,0.0515137
5794165,0.00683594,1.00977,0.060791
5798082,0.00683594,1.00977,0.0598144
5801987,0.00732422,1.01318,0.0598144
5805887,-0.0012207,1.01147,0.0576172
5809813,-0.0012207,1.01147,0.0544434
5813724,0.00683594,1.01562,0.0544434
5817617,0.0578613,1.00439,0.0576172
5821530,-0.00463867,1.00439,0.0576172
5825438,0.00097656,1.00195,0.0595703
5829373,0.00097656,1.00464,0.0581055
5833260,0.00366211,1.00464,0.0581055
5837174,-0.00244141,0.999268,0.059082
5841069,-0.00244141,1.00903,0.0600586
5844987,-0.00341797,1.00903,0.0600586
5848899,-0.00708008,1.00098,0.0588379
5852805,-0.00708008,1.00537,0.0583496
5856744,0.00170898,1.00537,0.0583496
5860620,0.00830078,1.00732,0.0598144
5864563,0.00830078,1.00659,0.0578613
5868471,0.00415039,1.00659,0.0578613
5872338,0.00610352,1.01318,0.0546875
5876241,0.00610352,1.01318,0.0498047
5880231,0.00854492,1.01196,0.0498047
5884135,0.00268555,1.01172,0.0576172
5888041,0.00268555,1.01172,0.0664062
5891945,-0.00024414,1.00806,0.0664062
5895903,0.00292969,0.999023,0.0573731
5899822,0.00292969,0.999023,0.0566406
5903714,0.00097656,1.00586,0.0566406
5907641,0.00439453,1.00806,0.0576172
5911547,0.00439453,1.00806,0.0612793
5915457,0.00146484,1.00439,0.0612793
5919375,0.0622559,1.00977,0.059082
5923335,-0.00024414,1.00977,0.059082
5927198,-0.00073242,1.00732,0.0588379
5931088,-0.00073242,1.00171,0.0622559
5934995,-0.00488281,1.00171,0.0622559
5938915,-0.00610352,0.999756,0.0559082
5942873,-0.00610352,0.996582,0.0571289
5946826,-0.0065918,0.996582,0.0571289
5950762,-0.00805664,0.98877,0.0568848
5954696,-0.00805664,0.992432,0.0534668
5958615,-0.0104981,0.992432,0.0534668
5962558,-0.00927734,1,0.0622559
5966432,-0.00927734,1.00171,0.0605469
5970353,0.00073242,1.00171,0.0605469
5974244,-0.00097656,1.01025,0.0524902
5978157,-0.00097656,1.01025,0.0549316
5982069,0.00048828,1.00757,0.0549316
5985959,0.00390625,1.00269,0.0625
5989941,0.00390625,1.00269,0.0515137
5993831,0.00366211,1.00928,0.0515137
5997745,-0.00439453,1.00073,0.0578613
6001655,-0.00439453,1.00073,0.0581055
6005552,-0.00610352,1.00024,0.0581055
6009464,-0.0136719,1,0.0605469
6013418,-0.0136719,1,0.0568848
6017318,-0.00317383,0.99585,0.0568848
6021261,-0.00561523,0.994629,0.0561523
6025192,-0.00561523,0.994629,0.0561523
6029076,-0.00708008,1.00122,0.0541992
6033020,-0.00708008,0.99707,0.0578613
6036891,-0.00537109,0.99707,0.0578613
6040814,-0.00561523,0.996094,0.0593262
6044761,-0.00561523,0.999023,0.0583496
6048698,-0.00195313,0.999023,0.0583496
6052633,-0.00830078,1.00439,0.0554199
6056546,-0.00830078,1.00073,0.060791
6060397,-0.00292969,1.00073,0.060791
6064293,0.00439453,1.00269,0.0600586
6068253,0.00439453,1.01318,0.0588379
6072167,0.00268555,1.01318,0.0588379
6076047,0.00756836,1.01538,0.0556641
6080000,0.00756836,1.01538,0.0656738
6083903,0.00341797,1.01074,0.0656738
6087803,0.00097656,1.01123,0.060791
6091697,0.00097656,1.01123,0.0622559
6095579,0.00439453,1.00635,0.0622559
6099595,0.00097656,0.995605,0.0559082
6103526,0.00097656,0.995605,0.0598144
6107431,0.00048828,1.00391,0.0598144
6111378,0.0568848,0.998291,0.0568848
6115278,-0.00561523,0.998291,0.0598144
6119203,-0.00756836,0.996582,0.0598144
6123131,-0.00561523,1.0022,0.0622559
6127050,-0.00561523,1.0022,0.0576172
6130959,0.00024414,1.00586,0.0576172
6134866,0.00585938,1.00781,0.0532227
6138783,0.00585938,1.00781,0.0532227
6142690,0.0078125,1.01367,0.0563965
6146616,0.0078125,1.01929,0.0598144
6150529,0.0078125,1.01929,0.0598144
6154435,0.00561523,1.01392,0.0576172
6158339,0.00561523,1.01001,0.0583496
6162206,0.00244141,1.01001,0.0583496
6166110,-0.00512695,1.00806,0.0559082
6170032,-0.00512695,1.00293,0.0610352
6173950,-0.00439453,1.00293,0.0610352
6177839,0.00073242,1.00537,0.060791
6181744,0.00073242,1.00537,0.0568848
6185660,0.00390625,1.00903,0.0568848
6189553,0.00195313,1.0061,0.0605469
6193446,0.00195313,1.0061,0.0566406
6197318,0.00073242,1.01001,0.0566406
6201217,-0.00610352,1.00293,0.0522461
6205134,-0.00610352,1.00293,0.0615234
6209103,-0.00439453,1.00195,0.0615234
6213018,-0.00292969,0.992188,0.059082
6216951,-0.00292969,0.992188,0.0541992
6220899,-0.0119629,0.994629,0.0541992
6224837,-0.0107422,0.99585,0.0563965
6228819,-0.0107422,0.99585,0.0563965
6232710,-0.0100098,0.994873,0.059082
6236678,-0.0100098,1.00073,0.0595703
6240540,-0.00561523,1.00073,0.0595703
6244443,-0.00341797,1.00098,0.0646973
6248400,-0.00341797,1.00879,0.0595703
6252269,0.00219727,1.00879,0.0595703
6256167,0.00317383,1.0127,0.060791
6260075,0.00317383,1.00928,0.0583496
